PER,Games,Minutes,Points,Rebounds,Assists,Steals,Blocks,Fgm,Fga,Fta,Fgp,Tpm,Tpa,Tpp,Ftm,Ftp
14.3,31,753.0,218,128,35.0,34.0,18.0,86,195,44,0.441,14,36,0.389,32,0.727
14.0,30,724.0,273,128,50.0,33.0,14.0,97,211,61,0.46,34,97,0.351,45,0.738
13.4,32,618.0,219,92,35.0,16.0,10.0,87,193,59,0.451,8,25,0.32,37,0.627
11.1,28,457.0,202,113,8.0,8.0,12.0,80,154,57,0.519,0,0,0.0,42,0.737
8.1,31,805.0,377,192,53.0,29.0,12.0,136,271,139,0.502,9,41,0.22,96,0.691
13.0,29,192.0,106,50,6.0,1.0,3.0,47,81,23,0.58,0,0,0.0,12,0.522
15.4,32,1180.0,965,108,130.0,55.0,6.0,359,739,200,0.486,84,216,0.389,163,0.815
13.7,23,120.0,39,32,4.0,2.0,5.0,18,30,6,0.6,0,0,0.0,3,0.5
13.1,34,964.0,404,208,10.0,14.0,33.0,145,266,157,0.545,0,0,0.0,114,0.726
16.4,35,1321.0,721,193,285.0,79.0,3.0,283,549,146,0.515,48,117,0.41,107,0.733
15.8,33,909.0,525,217,53.0,37.0,28.0,223,390,120,0.572,2,6,0.333,77,0.642
14.3,35,1303.0,572,204,78.0,54.0,22.0,234,426,128,0.549,0,1,0.0,104,0.813
14.5,28,923.0,429,121,112.0,54.0,8.0,147,369,144,0.398,35,95,0.368,100,0.694
9.2,32,432.0,94,95,8.0,21.0,8.0,33,80,29,0.413,2,7,0.286,16,0.552
13.7,34,884.0,311,206,64.0,69.0,24.0,117,204,116,0.574,2,2,1.0,75,0.647
13.0,31,848.0,425,192,27.0,20.0,24.0,164,300,150,0.547,0,1,0.0,97,0.647
8.8,38,395.0,168,114,12.0,6.0,27.0,68,149,49,0.456,0,0,0.0,32,0.653
8.1,31,630.0,119,92,85.0,23.0,15.0,42,102,50,0.412,1,3,0.333,34,0.68
14.7,29,809.0,275,74,108.0,39.0,3.0,100,269,71,0.372,22,59,0.373,53,0.746
9.5,27,930.0,516,54,138.0,49.0,1.0,179,343,131,0.522,47,107,0.439,111,0.847
12.0,31,913.0,335,248,20.0,15.0,18.0,136,268,84,0.507,1,3,0.333,62,0.738
8.2,29,1072.0,571,227,30.0,24.0,28.0,217,365,179,0.595,0,0,0.0,137,0.765
9.2,26,223.0,62,36,25.0,3.0,2.0,29,55,8,0.527,0,2,0.0,4,0.5
11.5,35,1066.0,360,337,46.0,32.0,12.0,138,233,127,0.592,0,0,0.0,84,0.661
19.7,29,1067.0,518,106,174.0,51.0,4.0,190,401,129,0.474,41,94,0.436,97,0.752
8.3,27,998.0,453,170,42.0,18.0,6.0,179,317,109,0.565,12,34,0.353,83,0.761
14.6,21,186.0,71,28,17.0,11.0,0.0,28,65,22,0.431,2,12,0.167,13,0.591
10.3,28,578.0,105,75,81.0,32.0,2.0,42,83,36,0.506,0,2,0.0,21,0.583
11.2,30,474.0,134,68,35.0,10.0,3.0,54,111,28,0.486,10,25,0.4,16,0.571
12.7,28,674.0,243,118,30.0,12.0,19.0,96,211,74,0.455,3,11,0.273,48,0.649
12.1,32,599.0,389,125,29.0,23.0,9.0,136,292,119,0.466,26,81,0.321,91,0.765
15.9,31,534.0,273,126,20.0,11.0,62.0,107,193,84,0.554,0,0,0.0,59,0.702
14.1,28,911.0,551,278,19.0,23.0,24.0,216,387,171,0.558,0,0,0.0,119,0.696
11.7,33,399.0,67,85,3.0,10.0,31.0,27,55,30,0.491,0,0,0.0,13,0.433
19.3,29,986.0,615,256,43.0,46.0,8.0,241,545,174,0.442,16,58,0.276,117,0.672
13.9,29,962.0,464,66,103.0,36.0,15.0,173,390,68,0.444,68,176,0.386,50,0.735
11.9,34,573.0,168,110,43.0,10.0,10.0,66,117,51,0.564,0,1,0.0,36,0.706
14.6,28,687.0,250,115,112.0,44.0,34.0,84,167,98,0.503,12,47,0.255,70,0.714
18.0,38,1163.0,453,333,45.0,45.0,67.0,173,309,156,0.56,0,0,0.0,107,0.686
12.1,28,752.0,280,85,112.0,34.0,5.0,101,245,109,0.412,0,14,0.0,78,0.716
13.2,34,487.0,150,100,16.0,11.0,7.0,43,96,77,0.448,0,0,0.0,64,0.831
7.7,27,180.0,31,16,17.0,6.0,0.0,10,32,15,0.313,1,9,0.111,10,0.667
11.7,32,788.0,202,44,235.0,61.0,1.0,61,120,72,0.508,20,40,0.5,60,0.833
9.7,28,449.0,122,73,10.0,6.0,13.0,49,112,29,0.438,0,0,0.0,24,0.828
12.7,31,717.0,195,70,92.0,18.0,1.0,59,163,87,0.362,26,75,0.347,51,0.586
18.9,35,815.0,287,181,33.0,10.0,36.0,110,197,101,0.558,0,1,0.0,67,0.663
15.2,29,714.0,227,223,10.0,16.0,38.0,91,171,89,0.532,0,0,0.0,45,0.506
11.8,35,248.0,116,27,9.0,3.0,1.0,44,86,31,0.512,4,13,0.308,24,0.774
14.7,28,1002.0,506,115,134.0,26.0,10.0,207,414,107,0.5,19,54,0.352,73,0.682
14.1,32,741.0,425,129,49.0,48.0,27.0,148,328,137,0.451,31,90,0.344,98,0.715
16.5,29,813.0,363,173,22.0,17.0,36.0,156,260,76,0.6,0,0,0.0,51,0.671
11.9,30,669.0,288,181,12.0,8.0,9.0,112,212,95,0.528,0,0,0.0,64,0.674
15.9,30,937.0,521,193,49.0,49.0,31.0,203,372,154,0.546,0,2,0.0,115,0.747
12.8,28,876.0,404,158,52.0,37.0,13.0,169,301,88,0.561,1,4,0.25,65,0.739
12.7,31,1060.0,447,156,98.0,65.0,8.0,184,343,78,0.536,16,36,0.444,63,0.808
14.6,27,819.0,365,254,31.0,22.0,53.0,156,277,76,0.563,1,1,1.0,52,0.684
6.4,28,376.0,105,31,33.0,19.0,7.0,43,102,29,0.422,2,11,0.182,17,0.586
8.9,31,441.0,101,76,25.0,5.0,24.0,44,88,26,0.5,0,0,0.0,13,0.5
13.6,34,371.0,136,63,32.0,26.0,5.0,59,94,30,0.628,3,9,0.333,15,0.5
17.6,27,839.0,604,244,24.0,37.0,61.0,239,388,179,0.616,0,0,0.0,126,0.704
15.2,30,597.0,193,124,24.0,11.0,9.0,80,156,50,0.513,0,0,0.0,33,0.66
10.7,26,962.0,261,93,156.0,35.0,9.0,91,247,89,0.368,10,29,0.345,69,0.775
14.7,31,345.0,114,42,27.0,39.0,8.0,40,83,53,0.482,0,1,0.0,34,0.642
11.6,31,998.0,481,57,133.0,32.0,3.0,144,356,187,0.404,48,122,0.393,145,0.775
15.9,21,171.0,56,35,5.0,10.0,1.0,18,42,29,0.429,1,2,0.5,19,0.655
11.5,31,950.0,233,63,114.0,50.0,2.0,75,190,69,0.395,26,64,0.406,57,0.826
9.5,12,228.0,117,38,13.0,3.0,0.0,48,96,14,0.5,10,20,0.5,11,0.786
14.0,31,881.0,274,261,7.0,14.0,15.0,95,172,125,0.552,0,0,0.0,84,0.672
10.5,31,1118.0,467,253,22.0,26.0,23.0,164,303,195,0.541,0,0,0.0,139,0.713
13.4,31,590.0,200,156,35.0,22.0,37.0,79,185,59,0.427,4,13,0.308,38,0.644
10.2,30,842.0,391,251,32.0,23.0,65.0,140,240,149,0.583,0,0,0.0,111,0.745
13.8,33,697.0,247,162,42.0,25.0,15.0,93,198,82,0.47,0,0,0.0,61,0.744
12.9,27,292.0,64,32,30.0,6.0,0.0,13,46,41,0.283,3,12,0.25,35,0.854
13.5,30,1035.0,482,166,110.0,39.0,14.0,194,389,93,0.499,21,59,0.356,73,0.785
15.5,29,1060.0,375,119,183.0,75.0,0.0,116,237,132,0.489,34,89,0.382,109,0.826
7.5,37,541.0,156,74,37.0,17.0,4.0,59,129,68,0.457,3,20,0.15,35,0.515
16.3,40,1259.0,822,457,84.0,65.0,56.0,304,487,262,0.624,13,38,0.342,201,0.767
6.9,23,572.0,318,134,13.0,10.0,41.0,126,215,103,0.586,0,1,0.0,66,0.641
12.9,33,653.0,277,179,22.0,18.0,11.0,93,147,132,0.633,0,0,0.0,91,0.689
9.6,28,421.0,140,95,8.0,12.0,3.0,55,89,42,0.618,0,0,0.0,30,0.714
10.2,29,420.0,136,84,22.0,6.0,20.0,56,108,34,0.519,0,0,0.0,24,0.706
16.9,36,607.0,319,170,44.0,35.0,28.0,115,159,121,0.723,1,1,1.0,88,0.727
12.2,36,748.0,303,141,42.0,38.0,10.0,120,252,73,0.476,6,12,0.5,57,0.781
15.7,31,799.0,313,113,68.0,28.0,20.0,121,290,51,0.417,40,119,0.336,31,0.608
16.1,28,812.0,299,112,82.0,27.0,2.0,108,232,91,0.466,14,30,0.467,69,0.758
15.1,33,865.0,295,165,62.0,14.0,62.0,116,227,84,0.511,5,12,0.417,58,0.69
15.6,27,915.0,397,289,30.0,31.0,44.0,152,279,156,0.545,1,3,0.333,92,0.59
14.2,27,948.0,419,127,67.0,38.0,5.0,154,357,98,0.431,33,118,0.28,78,0.796
13.3,36,540.0,199,150,31.0,29.0,27.0,78,157,77,0.497,0,1,0.0,43,0.558
14.2,26,617.0,190,92,66.0,33.0,13.0,75,170,53,0.441,7,27,0.259,33,0.623
18.6,34,735.0,429,155,47.0,38.0,7.0,158,310,101,0.51,33,82,0.402,80,0.792
12.6,36,886.0,275,230,40.0,51.0,53.0,96,178,108,0.539,4,24,0.167,79,0.731
18.8,26,922.0,465,165,143.0,42.0,4.0,145,351,151,0.413,45,127,0.354,130,0.861
19.5,34,807.0,443,213,37.0,37.0,23.0,164,267,155,0.614,0,0,0.0,115,0.742
20.5,21,494.0,281,154,10.0,32.0,27.0,100,169,134,0.592,0,0,0.0,81,0.604
15.0,29,950.0,445,221,89.0,63.0,9.0,151,347,171,0.435,14,46,0.304,129,0.754
17.8,29,634.0,296,185,36.0,18.0,105.0,117,237,104,0.494,0,4,0.0,62,0.596
18.6,31,555.0,232,119,40.0,20.0,18.0,91,185,45,0.492,19,55,0.345,31,0.689
15.1,17,577.0,283,47,76.0,19.0,16.0,105,255,51,0.412,33,101,0.327,40,0.784
11.5,28,676.0,243,58,85.0,32.0,12.0,78,170,110,0.459,8,28,0.286,79,0.718
24.2,33,997.0,323,317,30.0,12.0,124.0,120,220,110,0.545,1,1,1.0,82,0.745
11.7,35,1220.0,529,416,55.0,31.0,21.0,155,326,346,0.475,1,1,1.0,218,0.63
11.7,27,749.0,194,89,92.0,39.0,3.0,57,138,92,0.413,9,31,0.29,71,0.772
16.3,33,686.0,351,248,36.0,24.0,25.0,143,317,91,0.451,5,16,0.313,60,0.659
16.5,32,980.0,509,138,88.0,40.0,11.0,174,451,116,0.386,70,186,0.376,91,0.784
14.6,38,308.0,110,91,6.0,12.0,33.0,35,66,63,0.53,0,0,0.0,40,0.635
19.0,36,887.0,402,183,79.0,51.0,30.0,160,310,133,0.516,1,2,0.5,81,0.609
14.6,34,956.0,377,212,62.0,15.0,21.0,150,333,112,0.45,0,2,0.0,77,0.688
14.0,27,381.0,135,36,27.0,22.0,0.0,55,123,35,0.447,1,13,0.077,24,0.686
18.1,32,1052.0,484,309,33.0,25.0,33.0,201,322,156,0.624,0,1,0.0,82,0.526
14.4,28,755.0,317,134,80.0,18.0,11.0,104,210,125,0.495,12,33,0.364,97,0.776
9.6,34,1108.0,469,234,82.0,31.0,42.0,164,371,208,0.442,12,49,0.245,129,0.62
15.4,23,732.0,368,132,50.0,45.0,12.0,140,302,79,0.464,28,76,0.368,60,0.759
17.9,29,922.0,378,142,222.0,110.0,8.0,133,287,134,0.463,24,84,0.286,88,0.657
17.9,39,691.0,414,151,59.0,29.0,15.0,137,261,155,0.525,29,84,0.345,111,0.716
18.8,29,954.0,543,269,36.0,73.0,54.0,221,418,111,0.529,20,67,0.299,81,0.73
15.0,22,233.0,62,74,10.0,14.0,24.0,26,40,32,0.65,0,0,0.0,10,0.313
10.9,31,660.0,237,69,39.0,30.0,7.0,80,186,77,0.43,14,49,0.286,63,0.818
17.4,34,872.0,292,126,157.0,38.0,21.0,104,195,113,0.533,6,19,0.316,78,0.69
14.3,28,677.0,341,146,58.0,35.0,7.0,115,233,114,0.494,31,87,0.356,80,0.702
15.4,27,890.0,519,267,38.0,34.0,38.0,183,340,201,0.538,4,13,0.308,149,0.741
20.0,31,743.0,252,78,67.0,26.0,4.0,78,184,57,0.424,49,120,0.408,47,0.825
16.5,32,1116.0,564,302,122.0,27.0,49.0,203,421,182,0.482,33,100,0.33,125,0.687
11.8,31,742.0,380,64,72.0,47.0,1.0,132,294,49,0.449,73,175,0.417,43,0.878
19.7,34,862.0,404,180,61.0,44.0,27.0,143,341,137,0.419,35,115,0.304,83,0.606
13.7,37,747.0,214,142,45.0,25.0,21.0,82,198,32,0.414,29,101,0.287,21,0.656
12.0,28,713.0,188,163,41.0,16.0,84.0,79,141,52,0.56,0,0,0.0,30,0.577
19.3,33,654.0,356,221,34.0,24.0,22.0,138,235,126,0.587,0,1,0.0,80,0.635
16.3,37,582.0,189,153,23.0,20.0,6.0,79,157,42,0.503,8,27,0.296,23,0.548
12.9,31,1040.0,586,327,32.0,24.0,8.0,203,425,183,0.478,44,127,0.346,136,0.743
12.1,29,705.0,161,141,57.0,28.0,23.0,61,127,40,0.48,10,41,0.244,29,0.725
11.1,27,586.0,195,103,32.0,12.0,17.0,63,178,76,0.354,17,72,0.236,52,0.684
12.9,31,949.0,347,190,82.0,53.0,3.0,112,300,116,0.373,31,112,0.277,92,0.793
12.0,18,501.0,236,147,9.0,15.0,69.0,98,164,95,0.598,0,0,0.0,40,0.421
13.7,31,703.0,193,211,6.0,19.0,16.0,66,117,102,0.564,0,1,0.0,61,0.598
6.5,27,401.0,162,68,36.0,17.0,7.0,60,161,29,0.373,22,73,0.301,20,0.69
15.4,30,988.0,582,321,25.0,42.0,93.0,206,395,229,0.522,2,5,0.4,168,0.734
12.2,25,144.0,27,15,24.0,6.0,0.0,12,25,15,0.48,0,2,0.0,3,0.2
16.5,35,734.0,428,176,69.0,42.0,17.0,138,296,205,0.466,2,20,0.1,150,0.732
10.2,30,696.0,111,152,9.0,13.0,59.0,40,85,65,0.471,0,0,0.0,31,0.477
15.4,30,540.0,217,65,76.0,22.0,3.0,76,167,48,0.455,28,69,0.406,37,0.771
12.7,31,534.0,243,63,66.0,47.0,4.0,84,185,59,0.454,32,88,0.364,43,0.729
14.5,31,679.0,154,161,6.0,19.0,32.0,68,137,49,0.496,0,3,0.0,18,0.367
14.3,31,872.0,380,107,76.0,41.0,5.0,124,269,150,0.461,39,98,0.398,94,0.627
16.1,16,319.0,121,69,5.0,15.0,35.0,45,110,50,0.409,1,8,0.125,30,0.6
16.0,22,382.0,176,72,23.0,6.0,11.0,66,127,28,0.52,22,47,0.468,22,0.786
13.1,31,830.0,384,158,36.0,14.0,34.0,161,342,98,0.471,3,7,0.429,59,0.602
16.2,31,303.0,95,23,35.0,19.0,0.0,32,59,27,0.542,15,26,0.577,16,0.593
14.5,25,408.0,143,105,3.0,9.0,48.0,55,103,71,0.534,0,0,0.0,33,0.465
13.9,33,981.0,484,256,53.0,21.0,50.0,170,294,203,0.578,0,3,0.0,144,0.709
14.0,32,1005.0,542,193,66.0,56.0,33.0,187,416,152,0.45,47,140,0.336,121,0.796
13.6,37,1212.0,407,189,244.0,98.0,37.0,145,384,151,0.378,15,62,0.242,102,0.675
14.5,22,438.0,198,130,12.0,19.0,15.0,82,148,62,0.554,0,0,0.0,34,0.548
15.9,27,892.0,514,250,42.0,12.0,26.0,194,298,181,0.651,0,1,0.0,126,0.696
9.5,28,459.0,149,98,21.0,28.0,14.0,52,129,63,0.403,5,25,0.2,40,0.635
16.8,25,740.0,457,208,21.0,19.0,41.0,161,312,129,0.516,35,79,0.443,100,0.775
10.1,35,896.0,273,89,181.0,38.0,1.0,91,195,94,0.467,28,70,0.4,63,0.67
10.8,33,678.0,132,181,20.0,23.0,46.0,48,99,57,0.485,0,0,0.0,36,0.632
9.9,36,1146.0,762,89,128.0,43.0,20.0,265,647,230,0.41,66,208,0.317,166,0.722
16.0,33,479.0,259,148,47.0,28.0,8.0,95,227,73,0.419,17,55,0.309,52,0.712
12.7,29,841.0,396,210,37.0,17.0,78.0,153,279,164,0.548,2,6,0.333,88,0.537
16.3,36,824.0,351,216,55.0,42.0,37.0,126,288,155,0.438,11,63,0.175,88,0.568
17.0,35,732.0,333,232,18.0,24.0,63.0,139,230,91,0.604,0,1,0.0,55,0.604
13.8,30,715.0,239,89,103.0,71.0,8.0,81,178,87,0.455,15,48,0.313,62,0.713
12.1,33,1057.0,191,122,104.0,64.0,12.0,65,166,66,0.392,21,65,0.323,40,0.606
20.9,34,1088.0,528,340,76.0,54.0,84.0,229,412,113,0.556,14,54,0.259,56,0.496
16.1,30,887.0,474,183,84.0,84.0,18.0,177,380,141,0.466,33,99,0.333,87,0.617
14.2,16,394.0,208,39,37.0,30.0,2.0,61,134,73,0.455,25,56,0.446,61,0.836
14.2,26,201.0,61,46,2.0,8.0,23.0,24,56,35,0.429,0,0,0.0,13,0.371
12.3,28,865.0,523,182,41.0,34.0,20.0,188,386,160,0.487,33,95,0.347,114,0.713
13.8,28,982.0,374,92,161.0,41.0,0.0,119,290,73,0.41,80,191,0.419,56,0.767
15.5,34,294.0,122,73,16.0,6.0,18.0,51,88,33,0.58,0,0,0.0,20,0.606
10.0,28,616.0,135,73,72.0,30.0,2.0,46,129,58,0.357,7,23,0.304,36,0.621
13.9,28,278.0,62,76,6.0,6.0,28.0,27,47,20,0.574,0,0,0.0,8,0.4
13.7,31,721.0,245,87,88.0,41.0,3.0,79,203,96,0.389,20,51,0.392,67,0.698
11.7,30,781.0,470,151,37.0,36.0,53.0,166,327,209,0.508,0,5,0.0,138,0.66
9.2,32,972.0,366,110,131.0,74.0,9.0,125,327,92,0.382,42,133,0.316,74,0.804
14.2,28,816.0,375,99,178.0,50.0,9.0,144,276,70,0.522,35,92,0.38,52,0.743
12.2,34,1157.0,492,143,220.0,81.0,6.0,179,427,89,0.419,73,206,0.354,61,0.685
15.9,31,939.0,337,310,45.0,38.0,11.0,126,252,132,0.5,2,11,0.182,83,0.629
12.8,29,588.0,222,108,31.0,15.0,16.0,83,172,73,0.483,2,10,0.2,54,0.74
13.3,29,132.0,48,12,20.0,7.0,0.0,12,31,21,0.387,6,20,0.3,18,0.857
14.9,18,454.0,263,92,30.0,7.0,22.0,101,176,98,0.574,0,0,0.0,61,0.622
11.2,30,525.0,205,157,16.0,7.0,45.0,71,147,93,0.483,0,0,0.0,63,0.677
14.8,32,870.0,372,201,62.0,52.0,36.0,139,335,114,0.415,34,104,0.327,60,0.526
13.3,34,1170.0,503,345,50.0,26.0,71.0,198,353,171,0.561,0,1,0.0,107,0.626
9.5,30,705.0,229,156,42.0,43.0,29.0,83,199,57,0.417,23,84,0.274,40,0.702
11.2,34,558.0,185,124,9.0,21.0,34.0,72,110,72,0.655,0,0,0.0,41,0.569
15.0,33,543.0,216,165,15.0,14.0,25.0,83,136,78,0.61,0,0,0.0,50,0.641
11.9,29,907.0,314,97,63.0,18.0,7.0,106,240,89,0.442,39,101,0.386,63,0.708
15.3,27,311.0,106,37,14.0,9.0,2.0,38,130,6,0.292,28,91,0.308,2,0.333
16.6,40,330.0,112,119,5.0,11.0,34.0,43,83,38,0.518,0,0,0.0,26,0.684
20.7,16,355.0,158,95,14.0,17.0,24.0,57,86,67,0.663,0,0,0.0,44,0.657
12.5,34,993.0,276,193,55.0,17.0,52.0,116,208,57,0.558,2,5,0.4,42,0.737
12.2,31,899.0,401,253,46.0,30.0,38.0,146,283,152,0.516,7,39,0.179,102,0.671
12.0,30,315.0,83,69,9.0,15.0,10.0,29,58,42,0.5,0,0,0.0,25,0.595
10.3,31,759.0,203,130,51.0,18.0,3.0,67,149,87,0.45,2,5,0.4,67,0.77
9.9,33,1021.0,438,123,35.0,26.0,16.0,148,340,105,0.435,67,177,0.379,75,0.714
16.5,33,1096.0,539,269,16.0,22.0,18.0,189,397,129,0.476,58,152,0.382,103,0.798
19.5,35,1274.0,778,349,77.0,55.0,30.0,277,612,238,0.453,56,166,0.337,168,0.706
9.7,31,423.0,58,85,6.0,7.0,48.0,22,44,29,0.5,0,0,0.0,14,0.483
13.1,25,789.0,289,162,52.0,42.0,11.0,107,251,113,0.426,18,76,0.237,57,0.504
12.2,38,721.0,374,177,17.0,33.0,56.0,155,288,99,0.538,0,5,0.0,64,0.646
14.0,35,1245.0,503,99,233.0,53.0,3.0,154,343,179,0.449,45,102,0.441,150,0.838
12.4,27,688.0,295,165,15.0,12.0,23.0,115,233,89,0.494,0,2,0.0,65,0.73
10.1,34,1110.0,573,251,47.0,24.0,24.0,194,425,176,0.456,33,77,0.429,152,0.864
14.5,28,901.0,477,85,109.0,44.0,1.0,158,388,144,0.407,48,152,0.316,113,0.785
13.8,37,1087.0,578,216,53.0,27.0,16.0,209,497,124,0.421,67,195,0.344,93,0.75
12.7,30,394.0,118,86,23.0,10.0,5.0,43,99,46,0.434,10,34,0.294,22,0.478
8.6,30,508.0,168,117,23.0,14.0,31.0,64,149,73,0.43,0,4,0.0,40,0.548
13.9,35,1070.0,431,173,99.0,54.0,17.0,167,390,83,0.428,39,147,0.265,58,0.699
15.3,29,1013.0,370,214,17.0,21.0,56.0,121,240,157,0.504,5,19,0.263,123,0.783
12.2,30,1072.0,592,82,121.0,29.0,3.0,173,378,223,0.458,59,145,0.407,187,0.839
13.7,28,462.0,145,116,3.0,5.0,13.0,60,140,39,0.429,0,1,0.0,25,0.641
11.4,35,571.0,158,107,53.0,33.0,8.0,61,141,63,0.433,9,34,0.265,27,0.429
18.4,37,1267.0,546,249,83.0,51.0,31.0,175,393,173,0.445,63,186,0.339,133,0.769
15.6,33,1041.0,866,408,38.0,42.0,54.0,307,577,279,0.532,36,95,0.379,216,0.774
12.3,35,1203.0,485,156,110.0,61.0,14.0,150,351,138,0.427,73,189,0.386,112,0.812
16.5,37,963.0,429,337,35.0,62.0,41.0,168,313,149,0.537,0,0,0.0,93,0.624
11.1,35,1115.0,244,106,217.0,71.0,10.0,86,211,51,0.408,37,102,0.363,35,0.686
17.0,37,1122.0,419,114,107.0,52.0,12.0,144,312,123,0.462,49,128,0.383,82,0.667
9.6,33,917.0,411,119,57.0,47.0,1.0,138,339,135,0.407,48,164,0.293,87,0.644
16.4,33,1002.0,411,326,73.0,14.0,44.0,168,291,111,0.577,4,11,0.364,71,0.64
13.6,36,485.0,174,115,15.0,11.0,9.0,66,150,30,0.44,16,56,0.286,26,0.867
15.0,36,934.0,374,232,38.0,32.0,78.0,159,264,91,0.602,0,0,0.0,56,0.615
20.6,31,960.0,485,278,38.0,30.0,67.0,168,300,174,0.56,22,46,0.478,127,0.73
10.7,34,1003.0,396,98,71.0,44.0,18.0,159,368,66,0.432,42,112,0.375,36,0.545
11.8,32,791.0,241,110,63.0,46.0,13.0,87,169,86,0.515,17,39,0.436,50,0.581
14.4,28,907.0,341,153,94.0,57.0,20.0,125,260,129,0.481,17,64,0.266,74,0.574
13.3,21,541.0,146,50,56.0,17.0,1.0,46,124,33,0.371,28,76,0.368,26,0.788
13.9,18,167.0,62,17,7.0,6.0,3.0,21,55,21,0.382,5,19,0.263,15,0.714
12.4,30,687.0,237,75,38.0,33.0,1.0,88,195,57,0.451,15,44,0.341,46,0.807
13.0,31,1024.0,484,179,62.0,37.0,13.0,176,363,97,0.485,50,136,0.368,82,0.845
14.2,30,907.0,512,150,53.0,35.0,12.0,172,320,193,0.538,19,54,0.352,149,0.772
21.6,35,687.0,196,138,26.0,17.0,16.0,55,107,112,0.514,0,4,0.0,86,0.768
14.6,31,584.0,197,48,44.0,21.0,1.0,73,212,40,0.344,25,98,0.255,26,0.65
13.3,34,531.0,135,129,25.0,20.0,2.0,56,112,42,0.5,5,18,0.278,18,0.429
11.6,37,968.0,364,98,78.0,26.0,10.0,125,310,65,0.403,64,183,0.35,50,0.769
12.7,33,859.0,379,74,127.0,89.0,5.0,121,272,113,0.445,48,128,0.375,89,0.788
12.8,25,756.0,264,181,24.0,19.0,39.0,105,241,69,0.436,8,38,0.211,46,0.667
15.6,30,645.0,235,144,24.0,18.0,12.0,94,234,36,0.402,22,80,0.275,25,0.694
10.2,32,513.0,189,121,12.0,21.0,14.0,71,148,62,0.48,10,27,0.37,37,0.597
9.2,34,489.0,167,48,28.0,22.0,0.0,54,142,60,0.38,10,42,0.238,49,0.817
16.2,39,749.0,215,71,88.0,35.0,2.0,78,194,51,0.402,19,58,0.328,40,0.784
13.2,34,774.0,357,234,38.0,36.0,32.0,145,292,92,0.497,5,13,0.385,62,0.674
17.4,39,1231.0,441,134,238.0,87.0,10.0,160,309,144,0.518,21,69,0.304,100,0.694
-3.1,29,362.0,72,45,46.0,23.0,1.0,23,67,33,0.343,5,15,0.333,21,0.636
9.1,39,770.0,382,167,40.0,28.0,10.0,141,317,66,0.445,54,130,0.415,46,0.697
12.4,26,199.0,66,42,8.0,2.0,7.0,23,61,26,0.377,5,20,0.25,15,0.577
22.0,38,893.0,575,374,38.0,37.0,67.0,206,369,268,0.558,1,6,0.167,162,0.604
14.1,30,758.0,291,101,69.0,28.0,6.0,107,243,63,0.44,30,82,0.366,47,0.746
12.7,37,1021.0,435,251,58.0,48.0,32.0,158,326,125,0.485,42,117,0.359,77,0.616
11.1,33,629.0,71,132,25.0,27.0,19.0,29,62,33,0.468,0,0,0.0,13,0.394
6.8,32,611.0,199,64,29.0,43.0,3.0,65,127,83,0.512,7,21,0.333,62,0.747
23.8,34,1049.0,730,157,95.0,62.0,6.0,242,523,145,0.463,122,299,0.408,124,0.855
15.4,30,643.0,179,179,10.0,8.0,107.0,75,149,56,0.503,0,0,0.0,29,0.518
12.9,17,216.0,77,45,8.0,5.0,2.0,32,72,20,0.444,3,15,0.2,10,0.5
27.0,40,1281.0,567,415,50.0,54.0,186.0,210,337,203,0.623,3,20,0.15,144,0.709
16.4,38,716.0,253,250,22.0,14.0,65.0,99,191,96,0.518,0,0,0.0,55,0.573
12.4,30,876.0,406,263,31.0,29.0,41.0,138,269,182,0.513,3,12,0.25,127,0.698
11.6,33,611.0,347,154,32.0,21.0,54.0,116,244,101,0.475,26,63,0.413,89,0.881
15.4,37,1149.0,558,255,68.0,49.0,39.0,210,441,138,0.476,40,111,0.36,98,0.71
3.8,33,913.0,274,117,124.0,52.0,5.0,79,193,118,0.409,20,70,0.286,96,0.814
19.0,35,1168.0,485,201,51.0,31.0,13.0,192,367,147,0.523,6,36,0.167,95,0.646
13.2,31,1103.0,525,165,57.0,43.0,3.0,179,422,133,0.424,62,166,0.373,105,0.789
11.5,34,768.0,283,113,51.0,26.0,15.0,102,192,94,0.531,9,29,0.31,70,0.745
21.8,34,967.0,340,257,15.0,28.0,92.0,157,292,88,0.538,0,2,0.0,26,0.295
12.5,34,1156.0,405,225,95.0,44.0,8.0,131,282,173,0.465,18,57,0.316,125,0.723
10.8,39,1085.0,280,124,174.0,77.0,1.0,92,217,80,0.424,44,122,0.361,52,0.65
25.3,35,1255.0,903,390,46.0,66.0,67.0,306,647,256,0.473,82,203,0.404,209,0.816
9.6,35,1056.0,367,273,93.0,29.0,25.0,132,281,140,0.47,5,40,0.125,98,0.7
11.1,38,909.0,445,109,79.0,29.0,1.0,164,379,61,0.433,66,178,0.371,51,0.836
7.9,38,547.0,247,62,42.0,19.0,4.0,82,212,58,0.387,41,110,0.373,42,0.724
17.3,32,672.0,224,182,16.0,19.0,44.0,87,135,73,0.644,1,1,1.0,49,0.671
17.1,37,1072.0,632,198,143.0,77.0,29.0,230,505,194,0.455,34,124,0.274,138,0.711
13.4,29,360.0,110,74,1.0,4.0,22.0,41,75,55,0.547,0,0,0.0,28,0.509
19.7,30,605.0,315,241,9.0,37.0,24.0,132,256,88,0.516,0,3,0.0,51,0.58
18.8,36,989.0,448,303,37.0,32.0,74.0,179,293,143,0.611,0,1,0.0,90,0.629
13.8,35,1240.0,450,143,236.0,56.0,9.0,151,379,114,0.398,69,193,0.358,79,0.693
12.1,30,420.0,125,74,22.0,7.0,4.0,45,124,23,0.363,20,66,0.303,15,0.652
12.0,31,830.0,318,110,90.0,30.0,7.0,110,304,83,0.362,29,96,0.302,69,0.831
12.5,35,647.0,244,37,61.0,27.0,3.0,83,204,41,0.407,43,128,0.336,35,0.854
12.3,32,696.0,358,94,67.0,28.0,40.0,126,258,55,0.488,57,134,0.425,49,0.891
7.3,32,711.0,201,58,91.0,28.0,2.0,67,191,83,0.351,9,41,0.22,58,0.699
16.3,31,893.0,367,168,48.0,25.0,59.0,132,286,106,0.462,28,60,0.467,75,0.708
10.7,31,718.0,267,105,39.0,29.0,6.0,103,213,72,0.484,24,81,0.296,37,0.514
19.4,34,1176.0,487,212,63.0,59.0,34.0,166,353,132,0.47,63,141,0.447,92,0.697
10.8,31,1018.0,439,112,121.0,55.0,8.0,131,314,137,0.417,74,186,0.398,103,0.752
15.3,37,1198.0,452,321,55.0,20.0,69.0,174,312,167,0.558,0,0,0.0,104,0.623
14.9,34,844.0,427,93,105.0,34.0,6.0,140,315,117,0.444,62,150,0.413,85,0.726
14.0,32,1110.0,669,104,78.0,42.0,20.0,184,425,277,0.433,70,208,0.337,231,0.834
8.6,33,956.0,434,83,69.0,33.0,6.0,167,358,31,0.466,73,173,0.422,27,0.871
16.9,29,712.0,323,207,21.0,37.0,70.0,111,249,124,0.446,3,17,0.176,98,0.79
12.6,31,475.0,231,116,33.0,21.0,32.0,81,187,53,0.433,27,76,0.355,42,0.792
14.6,37,422.0,122,122,31.0,21.0,9.0,45,81,52,0.556,0,1,0.0,32,0.615
13.1,32,1083.0,418,212,93.0,31.0,52.0,146,291,146,0.502,24,60,0.4,102,0.699
11.0,32,800.0,269,83,60.0,22.0,10.0,91,218,75,0.417,26,68,0.382,61,0.813
21.0,33,937.0,484,301,61.0,33.0,28.0,184,324,197,0.568,0,2,0.0,116,0.589
13.4,34,676.0,341,126,50.0,27.0,12.0,123,300,64,0.41,58,159,0.365,37,0.578
7.2,35,827.0,255,98,112.0,35.0,0.0,75,175,74,0.429,47,114,0.412,58,0.784
14.8,31,943.0,587,243,40.0,38.0,23.0,199,349,253,0.57,2,4,0.5,187,0.739
24.4,34,1158.0,605,179,110.0,73.0,19.0,196,372,224,0.527,44,108,0.407,169,0.754
11.7,32,1155.0,497,276,47.0,51.0,45.0,193,427,139,0.452,17,79,0.215,94,0.676
13.4,34,315.0,123,85,9.0,9.0,20.0,46,103,36,0.447,5,15,0.333,26,0.722
16.0,32,1094.0,394,105,56.0,43.0,18.0,117,283,130,0.413,59,161,0.366,101,0.777
3.5,32,429.0,143,64,27.0,17.0,4.0,50,107,37,0.467,15,34,0.441,28,0.757
16.7,34,993.0,521,247,44.0,24.0,29.0,185,402,170,0.46,23,76,0.303,128,0.753
12.9,31,660.0,327,154,24.0,22.0,21.0,117,194,157,0.603,0,2,0.0,93,0.592
14.0,31,896.0,461,197,60.0,16.0,54.0,193,363,98,0.532,1,3,0.333,74,0.755
12.2,32,534.0,188,143,34.0,25.0,12.0,67,145,65,0.462,6,22,0.273,48,0.738
17.1,32,1045.0,420,207,63.0,48.0,30.0,125,261,124,0.479,69,154,0.448,101,0.815
9.0,34,553.0,224,124,10.0,20.0,3.0,83,194,72,0.428,10,48,0.208,48,0.667
9.3,36,990.0,483,157,53.0,54.0,18.0,162,354,115,0.458,69,165,0.418,90,0.783
17.1,37,586.0,212,164,34.0,27.0,58.0,88,181,73,0.486,4,18,0.222,32,0.438
15.5,32,507.0,163,111,30.0,11.0,40.0,60,128,65,0.469,0,0,0.0,43,0.662
16.1,31,890.0,458,262,31.0,22.0,47.0,163,276,195,0.591,0,1,0.0,132,0.677
4.7,32,1074.0,266,136,73.0,36.0,11.0,95,207,75,0.459,25,75,0.333,51,0.68
14.6,29,824.0,310,131,65.0,41.0,7.0,114,218,86,0.523,21,51,0.412,61,0.709
16.3,29,409.0,137,118,3.0,6.0,26.0,58,89,47,0.652,0,0,0.0,21,0.447
12.8,34,726.0,188,82,123.0,35.0,17.0,69,161,34,0.429,25,80,0.313,25,0.735
17.5,35,950.0,296,132,129.0,55.0,18.0,112,249,62,0.45,27,88,0.307,45,0.726
10.5,19,125.0,13,25,8.0,4.0,5.0,5,17,7,0.294,0,4,0.0,3,0.429
11.0,24,401.0,104,85,5.0,6.0,21.0,38,64,57,0.594,0,0,0.0,28,0.491
8.1,26,719.0,187,169,70.0,39.0,31.0,69,139,65,0.496,10,29,0.345,39,0.6
18.2,32,730.0,179,209,28.0,26.0,51.0,61,127,98,0.48,0,0,0.0,57,0.582
16.7,36,896.0,331,168,64.0,44.0,33.0,128,278,108,0.46,12,42,0.286,63,0.583
15.4,29,990.0,629,294,20.0,27.0,33.0,221,498,229,0.444,17,50,0.34,170,0.742
15.4,32,614.0,206,156,66.0,47.0,18.0,69,181,88,0.381,9,44,0.205,59,0.67
22.4,11,303.0,192,37,47.0,16.0,6.0,55,104,71,0.529,18,39,0.462,64,0.901
8.4,33,520.0,94,54,57.0,24.0,5.0,31,85,44,0.365,3,12,0.25,29,0.659
14.1,31,984.0,294,110,185.0,51.0,3.0,97,213,118,0.455,17,60,0.283,83,0.703
14.9,34,680.0,237,111,59.0,28.0,14.0,91,207,54,0.44,18,66,0.273,37,0.685
13.8,34,719.0,293,201,8.0,29.0,82.0,117,178,117,0.657,0,0,0.0,59,0.504
8.5,35,908.0,265,253,32.0,20.0,42.0,99,201,111,0.493,1,11,0.091,66,0.595
10.7,29,1004.0,436,133,60.0,49.0,15.0,160,340,123,0.471,20,61,0.328,96,0.78
11.7,31,716.0,338,69,30.0,14.0,5.0,109,233,60,0.468,72,149,0.483,48,0.8
15.1,28,452.0,209,90,12.0,25.0,8.0,82,164,71,0.5,0,4,0.0,45,0.634
13.9,30,875.0,438,244,37.0,41.0,40.0,164,337,119,0.487,28,100,0.28,82,0.689
8.5,31,807.0,383,152,65.0,18.0,12.0,133,323,120,0.412,40,125,0.32,77,0.642
10.0,31,983.0,381,244,33.0,24.0,33.0,141,317,89,0.445,32,109,0.294,67,0.753
9.5,32,841.0,341,130,49.0,38.0,26.0,119,281,113,0.423,11,34,0.324,92,0.814
8.4,32,353.0,86,55,15.0,10.0,12.0,33,98,30,0.337,1,13,0.077,19,0.633
11.9,31,1085.0,531,143,86.0,47.0,8.0,177,385,162,0.46,54,153,0.353,123,0.759
11.3,33,424.0,129,64,11.0,16.0,18.0,52,122,18,0.426,10,32,0.313,15,0.833
11.1,35,676.0,221,170,22.0,21.0,23.0,96,194,46,0.495,3,14,0.214,26,0.565
8.5,30,1017.0,417,215,36.0,16.0,27.0,162,295,137,0.549,2,10,0.2,91,0.664
10.2,30,782.0,198,185,22.0,13.0,64.0,77,141,80,0.546,0,0,0.0,44,0.55
17.1,38,1196.0,595,336,60.0,43.0,72.0,206,466,243,0.442,26,79,0.329,157,0.646
18.4,35,703.0,278,210,15.0,7.0,44.0,113,183,119,0.617,0,0,0.0,52,0.437
12.1,36,1166.0,375,128,109.0,37.0,11.0,136,322,73,0.422,52,126,0.413,51,0.699
0.6,34,458.0,116,81,17.0,30.0,8.0,44,103,52,0.427,7,26,0.269,21,0.404
14.9,28,520.0,273,135,6.0,14.0,45.0,105,183,90,0.574,0,0,0.0,63,0.7
13.4,40,1245.0,476,297,75.0,39.0,37.0,160,326,192,0.491,13,51,0.255,143,0.745
12.4,16,370.0,177,135,13.0,7.0,5.0,64,146,66,0.438,8,23,0.348,41,0.621
13.7,38,1363.0,657,153,159.0,25.0,8.0,217,513,171,0.423,87,231,0.377,136,0.795
12.8,33,601.0,291,101,32.0,21.0,5.0,97,204,38,0.475,63,145,0.434,34,0.895
15.4,37,1003.0,534,247,19.0,16.0,67.0,222,437,100,0.508,22,63,0.349,68,0.68
6.3,38,1078.0,469,75,62.0,22.0,6.0,161,324,100,0.497,68,140,0.486,79,0.79
15.6,41,1140.0,457,183,66.0,35.0,25.0,182,374,59,0.487,46,125,0.368,47,0.797
17.5,25,757.0,456,178,31.0,21.0,18.0,160,259,195,0.618,4,18,0.222,132,0.677
17.2,38,977.0,388,112,213.0,58.0,4.0,141,282,109,0.5,31,87,0.356,75,0.688
12.2,31,1028.0,461,160,63.0,55.0,17.0,176,391,72,0.45,57,143,0.399,52,0.722
19.1,31,557.0,218,145,32.0,20.0,21.0,84,145,91,0.579,0,0,0.0,50,0.549
9.5,29,309.0,92,44,17.0,14.0,4.0,38,76,24,0.5,6,20,0.3,10,0.417
23.4,34,1064.0,433,336,65.0,47.0,24.0,166,365,117,0.455,16,78,0.205,85,0.726
12.0,33,272.0,68,41,5.0,5.0,13.0,28,58,17,0.483,0,1,0.0,12,0.706
14.5,32,276.0,94,40,12.0,4.0,3.0,34,72,29,0.472,12,26,0.462,14,0.483
7.3,33,546.0,139,77,92.0,24.0,14.0,46,127,52,0.362,12,51,0.235,35,0.673
22.5,31,911.0,356,120,89.0,33.0,6.0,119,274,82,0.434,49,131,0.374,69,0.841
15.3,28,506.0,133,70,49.0,28.0,3.0,44,106,44,0.415,9,32,0.281,36,0.818
19.2,26,654.0,328,156,20.0,11.0,45.0,140,282,65,0.496,3,15,0.2,45,0.692
15.9,31,743.0,234,172,29.0,5.0,73.0,96,200,77,0.48,0,1,0.0,42,0.545
20.9,39,1156.0,681,415,75.0,27.0,56.0,227,406,258,0.559,29,82,0.354,198,0.767
17.8,24,557.0,180,76,49.0,31.0,5.0,64,152,74,0.421,5,22,0.227,47,0.635
11.8,30,1006.0,395,76,120.0,40.0,0.0,143,330,63,0.433,59,158,0.373,50,0.794
13.7,31,836.0,288,104,150.0,40.0,2.0,90,222,134,0.405,15,54,0.278,93,0.694
12.3,32,982.0,382,142,111.0,36.0,1.0,122,312,107,0.391,57,175,0.326,81,0.757
10.7,37,912.0,230,77,230.0,40.0,3.0,76,181,84,0.42,20,52,0.385,58,0.69
10.1,20,377.0,138,60,21.0,4.0,0.0,49,124,37,0.395,17,49,0.347,23,0.622
17.7,28,913.0,619,133,43.0,51.0,10.0,196,405,186,0.484,73,191,0.382,154,0.828
12.3,23,573.0,207,93,51.0,29.0,5.0,65,163,80,0.399,14,32,0.438,63,0.788
13.0,35,732.0,282,237,3.0,24.0,52.0,117,212,82,0.552,0,0,0.0,48,0.585
10.6,29,455.0,135,38,65.0,22.0,0.0,49,114,41,0.43,3,15,0.2,34,0.829
13.4,33,1216.0,684,150,109.0,51.0,13.0,237,536,152,0.442,88,215,0.409,122,0.803
10.7,39,1151.0,354,318,52.0,44.0,22.0,134,249,112,0.538,5,38,0.132,81,0.723
19.6,33,330.0,108,72,3.0,6.0,30.0,45,75,34,0.6,2,3,0.667,16,0.471
9.8,26,409.0,111,88,21.0,11.0,22.0,46,119,38,0.387,3,22,0.136,16,0.421
13.2,36,883.0,312,189,53.0,41.0,46.0,115,190,116,0.605,5,13,0.385,77,0.664
12.8,34,751.0,295,96,51.0,32.0,2.0,95,227,68,0.419,44,121,0.364,61,0.897
4.9,33,327.0,77,64,8.0,10.0,25.0,34,56,25,0.607,0,0,0.0,9,0.36
16.7,34,710.0,245,125,37.0,29.0,10.0,79,190,72,0.416,33,102,0.324,54,0.75
8.7,36,764.0,191,111,72.0,27.0,22.0,66,161,51,0.41,18,54,0.333,41,0.804
8.4,37,903.0,393,182,53.0,25.0,24.0,138,309,114,0.447,24,69,0.348,93,0.816
13.5,32,1027.0,472,67,111.0,57.0,3.0,161,375,117,0.429,61,189,0.323,89,0.761
18.7,30,1053.0,467,374,22.0,26.0,52.0,175,298,181,0.587,1,1,1.0,116,0.641
20.1,31,958.0,393,203,79.0,57.0,45.0,143,250,150,0.572,2,6,0.333,105,0.7
11.4,34,1040.0,437,131,88.0,32.0,15.0,159,359,74,0.443,66,152,0.434,53,0.716
7.7,32,777.0,140,58,84.0,20.0,5.0,52,128,46,0.406,7,39,0.179,29,0.63
13.2,35,646.0,258,166,38.0,36.0,12.0,94,190,106,0.495,6,15,0.4,64,0.604
13.5,35,547.0,162,155,34.0,14.0,25.0,60,134,60,0.448,3,16,0.188,39,0.65
13.2,31,392.0,177,59,11.0,14.0,8.0,61,154,19,0.396,38,104,0.365,17,0.895
14.1,37,992.0,325,302,24.0,31.0,35.0,130,259,101,0.502,11,39,0.282,54,0.535
12.2,33,671.0,292,154,9.0,16.0,37.0,120,188,93,0.638,0,1,0.0,52,0.559
12.6,29,930.0,540,122,47.0,18.0,1.0,169,423,142,0.4,86,230,0.374,116,0.817
14.4,33,1114.0,412,133,213.0,55.0,2.0,131,284,133,0.461,41,110,0.373,109,0.82
12.2,30,754.0,376,180,7.0,17.0,81.0,154,256,111,0.602,0,1,0.0,68,0.613
17.6,29,273.0,102,72,15.0,6.0,19.0,36,60,52,0.6,0,0,0.0,30,0.577
12.7,33,512.0,220,71,17.0,7.0,0.0,67,133,33,0.504,55,109,0.505,31,0.939
17.9,31,518.0,164,104,12.0,10.0,25.0,62,126,37,0.492,17,45,0.378,23,0.622
17.0,34,1021.0,267,306,27.0,26.0,138.0,105,178,92,0.59,0,0,0.0,57,0.62
11.9,38,502.0,129,126,15.0,21.0,53.0,48,91,63,0.527,0,2,0.0,33,0.524
8.2,33,565.0,89,71,67.0,29.0,3.0,29,104,34,0.279,8,35,0.229,23,0.676
14.7,36,744.0,293,143,51.0,18.0,8.0,103,218,83,0.472,35,108,0.324,52,0.627
12.5,25,893.0,411,192,43.0,21.0,31.0,162,282,119,0.574,0,3,0.0,87,0.731
24.3,31,1041.0,460,101,183.0,84.0,12.0,135,272,178,0.496,40,86,0.465,150,0.843
9.1,29,155.0,74,52,2.0,5.0,10.0,29,48,34,0.604,0,0,0.0,16,0.471
13.7,24,165.0,42,34,1.0,4.0,12.0,18,38,11,0.474,0,0,0.0,6,0.545
9.8,32,764.0,342,128,49.0,21.0,6.0,124,249,100,0.498,18,48,0.375,76,0.76
12.2,31,742.0,291,93,113.0,37.0,2.0,99,256,100,0.387,24,88,0.273,69,0.69
9.1,25,746.0,282,58,72.0,31.0,1.0,99,267,61,0.371,37,134,0.276,47,0.77
12.2,34,521.0,131,53,51.0,28.0,3.0,43,90,20,0.478,29,66,0.439,16,0.8
16.5,31,1016.0,483,263,38.0,35.0,70.0,183,394,166,0.464,2,19,0.105,115,0.693
12.6,26,351.0,193,101,9.0,14.0,24.0,65,129,82,0.504,7,19,0.368,56,0.683
14.9,33,1013.0,495,81,67.0,38.0,2.0,149,361,111,0.413,95,238,0.399,102,0.919
13.9,28,848.0,208,70,106.0,29.0,4.0,59,174,77,0.339,29,99,0.293,61,0.792
9.7,34,1129.0,527,115,71.0,33.0,1.0,174,402,184,0.433,58,159,0.365,121,0.658
13.0,29,586.0,267,77,42.0,14.0,0.0,90,200,56,0.45,43,100,0.43,44,0.786
15.6,23,576.0,300,89,52.0,26.0,0.0,120,260,57,0.462,19,74,0.257,41,0.719
14.0,33,236.0,83,88,9.0,7.0,18.0,33,68,43,0.485,0,0,0.0,17,0.395
15.8,34,854.0,274,97,118.0,87.0,8.0,102,200,103,0.51,10,33,0.303,60,0.583
12.4,34,593.0,273,96,33.0,19.0,12.0,102,230,33,0.443,44,125,0.352,25,0.758
20.0,13,224.0,79,38,13.0,4.0,3.0,30,60,37,0.5,1,10,0.1,18,0.486
9.9,33,1047.0,444,195,65.0,29.0,23.0,170,359,71,0.474,50,106,0.472,54,0.761
10.8,29,269.0,82,52,7.0,7.0,6.0,28,63,41,0.444,0,0,0.0,26,0.634
10.8,37,929.0,436,181,35.0,22.0,49.0,163,282,165,0.578,0,1,0.0,110,0.667
15.4,32,531.0,157,165,4.0,11.0,95.0,63,125,68,0.504,0,0,0.0,31,0.456
12.3,32,579.0,182,168,15.0,20.0,12.0,63,143,74,0.441,4,10,0.4,52,0.703
2.7,26,530.0,206,58,56.0,21.0,1.0,72,193,37,0.373,34,94,0.362,28,0.757
15.9,32,994.0,288,120,166.0,47.0,3.0,106,257,101,0.412,6,27,0.222,70,0.693
9.7,31,981.0,330,121,154.0,64.0,6.0,106,271,131,0.391,32,102,0.314,86,0.656
15.0,28,275.0,54,48,8.0,8.0,16.0,21,52,17,0.404,2,12,0.167,10,0.588
9.5,34,972.0,451,198,48.0,36.0,25.0,159,348,106,0.457,51,150,0.34,82,0.774
8.2,35,942.0,282,172,37.0,54.0,47.0,95,232,95,0.409,34,102,0.333,58,0.611
11.9,34,606.0,176,64,60.0,24.0,2.0,67,137,42,0.489,14,42,0.333,28,0.667
13.8,33,913.0,381,192,40.0,27.0,40.0,148,257,145,0.576,0,0,0.0,85,0.586
13.1,31,927.0,269,117,186.0,36.0,1.0,102,238,91,0.429,23,65,0.354,42,0.462
12.9,26,635.0,274,152,45.0,11.0,36.0,103,186,95,0.554,3,12,0.25,65,0.684
7.5,34,500.0,202,52,45.0,18.0,5.0,70,150,52,0.467,22,57,0.386,40,0.769
16.7,33,189.0,134,86,2.0,8.0,15.0,57,85,30,0.671,0,0,0.0,20,0.667
12.2,34,960.0,419,182,84.0,31.0,6.0,162,368,119,0.44,16,73,0.219,79,0.664
9.5,33,720.0,94,134,114.0,52.0,5.0,28,82,53,0.341,8,34,0.235,30,0.566
14.9,30,990.0,726,144,123.0,66.0,8.0,250,510,225,0.49,55,148,0.372,171,0.76
16.2,37,1172.0,635,377,43.0,37.0,20.0,222,410,267,0.541,3,12,0.25,188,0.704
7.1,37,975.0,339,138,40.0,30.0,24.0,108,262,106,0.412,42,127,0.331,81,0.764
5.8,35,928.0,340,76,104.0,38.0,8.0,120,237,105,0.506,24,66,0.364,76,0.724
16.8,30,892.0,416,82,74.0,55.0,15.0,135,311,142,0.434,32,81,0.395,114,0.803
4.9,40,1303.0,401,101,191.0,37.0,11.0,145,352,119,0.412,26,80,0.325,85,0.714
9.4,36,1207.0,182,94,99.0,38.0,31.0,65,194,37,0.335,27,109,0.248,25,0.676
10.3,31,762.0,193,199,12.0,6.0,118.0,67,121,115,0.554,0,0,0.0,59,0.513
19.6,35,993.0,541,106,91.0,38.0,2.0,180,431,207,0.418,39,134,0.291,142,0.686
8.3,31,463.0,124,76,1.0,17.0,3.0,46,81,54,0.568,0,0,0.0,32,0.593
8.4,32,967.0,401,281,50.0,20.0,64.0,148,288,183,0.514,0,0,0.0,105,0.574
14.8,32,829.0,395,295,42.0,33.0,99.0,152,250,137,0.608,1,1,1.0,90,0.657
13.5,30,830.0,274,221,45.0,21.0,29.0,104,236,91,0.441,6,26,0.231,60,0.659
16.2,33,1092.0,414,138,62.0,30.0,20.0,159,378,31,0.421,68,165,0.412,28,0.903
15.5,36,1104.0,471,282,45.0,34.0,86.0,172,315,261,0.546,0,0,0.0,127,0.487
15.5,31,1043.0,608,174,42.0,43.0,10.0,212,486,115,0.436,90,239,0.377,94,0.817
10.9,27,175.0,22,34,7.0,5.0,8.0,10,25,9,0.4,0,6,0.0,2,0.222
10.0,33,742.0,342,225,27.0,29.0,6.0,133,243,117,0.547,0,0,0.0,76,0.65
13.8,32,624.0,235,161,16.0,12.0,26.0,73,139,128,0.525,0,2,0.0,89,0.695
11.9,37,1004.0,313,164,98.0,47.0,19.0,109,232,103,0.47,23,69,0.333,72,0.699
12.0,35,710.0,176,139,28.0,23.0,67.0,76,162,41,0.469,0,3,0.0,24,0.585
11.5,35,473.0,174,146,11.0,12.0,67.0,75,116,45,0.647,0,1,0.0,24,0.533
13.7,34,980.0,334,112,157.0,39.0,5.0,114,257,94,0.444,31,98,0.316,75,0.798
16.0,32,607.0,286,168,23.0,6.0,48.0,113,220,63,0.514,18,49,0.367,42,0.667
20.3,23,254.0,59,61,7.0,9.0,9.0,26,45,8,0.578,0,3,0.0,7,0.875
23.5,32,935.0,571,211,110.0,79.0,36.0,223,458,155,0.487,18,52,0.346,107,0.69
12.0,34,554.0,223,53,50.0,38.0,4.0,78,190,48,0.411,28,85,0.329,39,0.813
19.1,36,907.0,321,125,104.0,38.0,6.0,110,234,123,0.47,13,48,0.271,88,0.715
19.0,37,1288.0,616,159,241.0,66.0,19.0,202,438,232,0.461,37,114,0.325,175,0.754
11.7,34,868.0,193,138,131.0,36.0,21.0,65,184,73,0.353,11,55,0.2,52,0.712
15.5,35,609.0,214,168,18.0,20.0,22.0,95,172,60,0.552,1,2,0.5,23,0.383
13.1,29,1038.0,263,121,160.0,36.0,6.0,80,188,121,0.426,24,66,0.364,79,0.653
5.7,33,495.0,226,49,42.0,21.0,1.0,76,175,70,0.434,17,54,0.315,57,0.814
18.6,33,970.0,386,301,57.0,52.0,35.0,143,269,150,0.532,0,0,0.0,100,0.667
22.2,36,325.0,122,28,24.0,14.0,1.0,48,105,31,0.457,9,22,0.409,17,0.548
14.5,29,814.0,386,143,23.0,14.0,64.0,143,250,141,0.572,0,0,0.0,100,0.709
9.9,30,615.0,182,86,51.0,27.0,17.0,71,169,40,0.42,20,69,0.29,20,0.5
11.5,34,1083.0,389,197,77.0,41.0,21.0,127,311,159,0.408,29,89,0.326,106,0.667
18.2,32,868.0,202,95,145.0,46.0,5.0,75,176,45,0.426,28,79,0.354,24,0.533
13.4,31,875.0,486,219,22.0,19.0,20.0,162,282,232,0.574,4,16,0.25,158,0.681
13.6,36,800.0,407,236,26.0,39.0,17.0,125,247,163,0.506,19,44,0.432,138,0.847
15.0,35,1121.0,363,137,159.0,59.0,4.0,123,327,98,0.376,33,126,0.262,84,0.857
11.5,33,828.0,278,155,70.0,33.0,11.0,104,266,49,0.391,40,129,0.31,30,0.612
20.3,37,1013.0,545,229,37.0,36.0,65.0,228,353,157,0.646,0,0,0.0,89,0.567
-1.9,16,277.0,91,39,34.0,14.0,1.0,34,70,23,0.486,11,23,0.478,12,0.522
12.6,35,1062.0,559,176,130.0,66.0,13.0,198,447,264,0.443,9,56,0.161,154,0.583
12.9,29,746.0,321,118,38.0,22.0,9.0,123,279,73,0.441,28,89,0.315,47,0.644
11.5,33,672.0,261,144,28.0,22.0,20.0,98,188,88,0.521,4,21,0.19,61,0.693
16.4,31,917.0,445,151,63.0,39.0,12.0,177,370,70,0.478,39,93,0.419,52,0.743
5.6,27,371.0,92,85,28.0,3.0,7.0,32,88,17,0.364,20,59,0.339,8,0.471
14.9,15,117.0,47,30,3.0,3.0,3.0,17,36,17,0.472,0,0,0.0,13,0.765
13.8,31,943.0,489,334,30.0,34.0,58.0,182,369,187,0.493,13,40,0.325,112,0.599
17.1,32,749.0,231,203,20.0,21.0,65.0,100,175,70,0.571,0,0,0.0,31,0.443
20.0,38,1145.0,494,304,32.0,26.0,57.0,170,284,236,0.599,0,0,0.0,154,0.653
9.5,22,569.0,188,101,20.0,10.0,12.0,70,156,36,0.449,23,75,0.307,25,0.694
13.3,10,304.0,152,76,21.0,9.0,17.0,61,133,33,0.459,13,60,0.217,17,0.515
11.0,33,839.0,352,127,49.0,28.0,18.0,124,276,63,0.449,58,148,0.392,46,0.73
12.2,35,322.0,153,35,14.0,10.0,5.0,45,106,53,0.425,18,52,0.346,45,0.849
20.0,33,1061.0,442,278,27.0,19.0,51.0,179,316,149,0.566,0,7,0.0,84,0.564
13.6,25,874.0,303,93,77.0,43.0,2.0,99,221,81,0.448,40,108,0.37,65,0.802
14.3,35,1046.0,338,302,122.0,62.0,31.0,122,293,117,0.416,8,38,0.211,86,0.735
13.9,22,768.0,407,125,88.0,29.0,6.0,131,345,128,0.38,49,141,0.348,96,0.75
13.2,34,466.0,165,90,18.0,27.0,26.0,66,116,42,0.569,13,29,0.448,20,0.476
9.9,34,1156.0,405,72,119.0,38.0,0.0,106,309,148,0.343,71,217,0.327,122,0.824
20.5,35,1172.0,704,405,57.0,20.0,66.0,276,451,191,0.612,12,35,0.343,140,0.733
16.0,11,142.0,55,48,2.0,2.0,18.0,22,35,29,0.629,0,0,0.0,11,0.379
17.1,33,1118.0,694,366,50.0,27.0,29.0,270,440,209,0.614,23,58,0.397,131,0.627
11.3,11,314.0,133,64,17.0,9.0,9.0,45,131,35,0.344,17,64,0.266,26,0.743
16.7,30,906.0,387,316,15.0,23.0,111.0,146,270,119,0.541,14,51,0.275,81,0.681
14.9,39,1286.0,671,304,124.0,41.0,36.0,245,513,188,0.478,44,130,0.338,137,0.729
16.6,39,807.0,277,113,38.0,12.0,9.0,102,198,56,0.515,30,79,0.38,43,0.768
11.4,31,469.0,105,92,65.0,14.0,16.0,39,97,34,0.402,8,37,0.216,19,0.559
15.9,24,595.0,248,96,98.0,35.0,11.0,98,195,66,0.503,11,40,0.275,41,0.621
12.8,38,1341.0,860,288,164.0,34.0,16.0,319,702,224,0.454,73,237,0.308,149,0.665
19.5,34,1067.0,495,340,24.0,27.0,81.0,188,300,143,0.627,9,20,0.45,110,0.769
12.9,33,327.0,125,68,17.0,11.0,19.0,44,93,28,0.473,18,39,0.462,19,0.679
12.4,34,1014.0,529,180,51.0,32.0,6.0,185,393,128,0.471,55,142,0.387,104,0.813
13.8,36,1064.0,296,183,46.0,31.0,12.0,109,238,45,0.458,49,131,0.374,29,0.644
14.6,10,150.0,44,50,0.0,2.0,19.0,16,28,22,0.571,0,0,0.0,12,0.545
0.5,32,546.0,217,52,33.0,18.0,3.0,72,189,33,0.381,47,133,0.353,26,0.788
13.9,9,268.0,189,86,9.0,7.0,24.0,74,132,37,0.561,13,25,0.52,28,0.757
18.4,38,816.0,381,76,42.0,17.0,2.0,135,287,64,0.47,58,141,0.411,53,0.828
11.8,25,759.0,287,112,40.0,33.0,4.0,103,290,65,0.355,30,100,0.3,51,0.785
19.5,38,981.0,459,280,15.0,30.0,110.0,159,295,149,0.539,39,115,0.339,102,0.685
7.7,28,725.0,364,115,36.0,21.0,6.0,128,277,101,0.462,25,72,0.347,83,0.822
6.5,36,480.0,90,60,33.0,25.0,10.0,33,101,22,0.327,9,39,0.231,15,0.682
19.3,38,553.0,269,195,23.0,10.0,22.0,102,178,105,0.573,0,0,0.0,65,0.619
9.5,32,948.0,437,114,64.0,23.0,9.0,160,321,96,0.498,37,89,0.416,80,0.833
13.9,31,880.0,364,227,40.0,40.0,14.0,134,290,116,0.462,13,39,0.333,83,0.716
10.3,31,569.0,163,90,15.0,21.0,7.0,56,130,26,0.431,32,72,0.444,19,0.731
14.4,40,813.0,254,128,35.0,42.0,26.0,86,165,75,0.521,23,77,0.299,59,0.787
12.6,37,1411.0,553,327,34.0,43.0,29.0,162,458,221,0.354,55,166,0.331,174,0.787
17.0,28,626.0,188,78,38.0,14.0,3.0,63,159,50,0.396,22,68,0.324,40,0.8
10.9,36,1020.0,413,176,65.0,18.0,20.0,150,329,103,0.456,28,83,0.337,85,0.825
12.8,33,1053.0,391,186,106.0,49.0,18.0,134,292,121,0.459,33,95,0.347,90,0.744
10.4,26,535.0,243,161,10.0,15.0,26.0,81,193,72,0.42,30,91,0.33,51,0.708
16.4,34,939.0,498,182,68.0,27.0,22.0,163,378,217,0.431,30,102,0.294,142,0.654
9.1,34,918.0,329,166,63.0,34.0,12.0,132,226,74,0.584,14,41,0.341,51,0.689
19.1,32,748.0,311,266,9.0,19.0,62.0,133,219,128,0.607,0,0,0.0,45,0.352
10.0,37,719.0,161,139,40.0,27.0,11.0,60,128,42,0.469,17,47,0.362,24,0.571
11.0,35,1093.0,396,217,111.0,55.0,7.0,143,322,105,0.444,32,110,0.291,78,0.743
17.2,40,959.0,383,70,100.0,28.0,0.0,126,279,106,0.452,49,128,0.383,82,0.774
20.0,35,791.0,415,202,34.0,17.0,32.0,157,230,136,0.683,5,15,0.333,96,0.706
10.1,27,392.0,166,76,16.0,18.0,3.0,62,169,23,0.367,29,98,0.296,13,0.565
5.2,32,402.0,222,69,17.0,35.0,14.0,87,182,68,0.478,4,8,0.5,44,0.647
12.2,34,910.0,348,106,93.0,33.0,3.0,117,296,68,0.395,60,171,0.351,54,0.794
5.7,31,588.0,182,100,23.0,13.0,36.0,69,166,25,0.416,33,84,0.393,11,0.44
16.5,34,584.0,155,114,22.0,28.0,12.0,59,122,23,0.484,26,55,0.473,11,0.478
11.9,32,1028.0,422,166,38.0,58.0,11.0,152,384,81,0.396,65,214,0.304,53,0.654
12.5,31,772.0,552,272,30.0,22.0,49.0,199,345,218,0.577,8,21,0.381,146,0.67
10.6,35,832.0,285,82,62.0,67.0,3.0,95,264,61,0.36,48,153,0.314,47,0.77
16.8,37,997.0,501,335,74.0,30.0,76.0,179,319,168,0.561,19,46,0.413,124,0.738
13.5,26,269.0,70,38,54.0,20.0,7.0,25,58,23,0.431,7,18,0.389,13,0.565
11.3,33,815.0,182,107,112.0,61.0,15.0,62,166,75,0.373,13,49,0.265,45,0.6
13.4,32,819.0,318,208,24.0,39.0,26.0,121,267,69,0.453,24,77,0.312,52,0.754
13.2,33,1085.0,419,232,22.0,36.0,28.0,153,363,103,0.421,33,126,0.262,80,0.777
10.6,34,1048.0,473,110,161.0,74.0,8.0,182,392,99,0.464,49,128,0.383,60,0.606
7.4,35,1078.0,324,121,51.0,18.0,17.0,112,293,74,0.382,39,123,0.317,61,0.824
11.9,15,446.0,214,71,21.0,22.0,8.0,76,176,55,0.432,18,59,0.305,44,0.8
20.4,31,728.0,274,174,46.0,22.0,38.0,109,172,98,0.634,1,6,0.167,55,0.561
15.6,27,672.0,310,56,52.0,20.0,3.0,97,224,121,0.433,20,66,0.303,96,0.793
19.4,33,485.0,130,129,6.0,5.0,42.0,44,98,65,0.449,8,22,0.364,34,0.523
11.0,33,1097.0,404,127,102.0,35.0,5.0,131,292,146,0.449,32,95,0.337,110,0.753
19.1,31,446.0,227,122,7.0,9.0,23.0,81,148,94,0.547,0,0,0.0,65,0.691
13.1,39,673.0,390,230,16.0,18.0,69.0,135,207,148,0.652,10,21,0.476,110,0.743
12.2,23,139.0,43,36,5.0,1.0,7.0,16,33,16,0.485,0,0,0.0,11,0.688
11.4,34,820.0,239,150,30.0,17.0,5.0,85,201,37,0.423,41,120,0.342,28,0.757
14.3,32,825.0,248,194,49.0,24.0,47.0,97,181,83,0.536,3,16,0.188,51,0.614
13.1,32,873.0,368,208,37.0,34.0,35.0,134,313,79,0.428,37,96,0.385,63,0.797
11.2,30,916.0,431,216,44.0,29.0,11.0,155,408,78,0.38,68,214,0.318,53,0.679
9.3,37,978.0,415,177,67.0,41.0,27.0,145,319,108,0.455,55,144,0.382,70,0.648
13.2,27,956.0,544,167,94.0,43.0,21.0,175,400,156,0.438,62,155,0.4,132,0.846
13.7,35,1277.0,707,153,79.0,48.0,9.0,243,583,143,0.417,102,294,0.347,119,0.832
13.4,20,132.0,36,18,6.0,7.0,2.0,13,30,19,0.433,3,11,0.273,7,0.368
10.1,33,852.0,282,157,143.0,32.0,12.0,99,214,81,0.463,25,83,0.301,59,0.728
18.3,35,510.0,184,140,13.0,26.0,11.0,66,136,35,0.485,26,68,0.382,26,0.743
15.1,20,465.0,152,109,6.0,14.0,19.0,65,118,41,0.551,0,1,0.0,22,0.537
9.7,34,1236.0,412,119,153.0,40.0,0.0,121,310,113,0.39,74,186,0.398,96,0.85
14.2,32,796.0,289,191,26.0,11.0,28.0,117,216,84,0.542,3,14,0.214,52,0.619
10.9,32,449.0,121,82,6.0,8.0,39.0,50,92,33,0.543,3,11,0.273,18,0.545
13.6,37,918.0,371,135,46.0,28.0,13.0,134,313,125,0.428,26,77,0.338,77,0.616
15.5,36,988.0,360,131,64.0,27.0,9.0,99,246,147,0.402,42,96,0.438,120,0.816
10.7,36,1083.0,484,155,71.0,29.0,7.0,153,347,156,0.441,67,165,0.406,111,0.712
10.8,34,1072.0,547,145,79.0,52.0,7.0,174,430,207,0.405,54,176,0.307,145,0.7
10.7,32,1000.0,442,128,104.0,41.0,8.0,163,375,95,0.435,50,142,0.352,66,0.695
11.0,36,1168.0,442,132,127.0,49.0,5.0,147,305,147,0.482,33,91,0.363,115,0.782
9.0,32,711.0,176,48,69.0,17.0,7.0,64,153,49,0.418,20,57,0.351,28,0.571
10.3,34,647.0,229,101,70.0,34.0,13.0,91,239,68,0.381,10,47,0.213,37,0.544
10.9,28,844.0,361,157,46.0,47.0,15.0,126,304,78,0.414,47,140,0.336,62,0.795
9.4,34,840.0,241,90,73.0,23.0,11.0,84,217,74,0.387,22,74,0.297,51,0.689
12.4,25,680.0,142,120,79.0,29.0,7.0,49,123,58,0.398,4,14,0.286,40,0.69
17.3,29,733.0,347,236,37.0,24.0,61.0,141,236,104,0.597,0,1,0.0,65,0.625
15.2,23,451.0,168,136,30.0,27.0,29.0,67,145,47,0.462,7,29,0.241,27,0.574
16.0,32,1057.0,610,167,91.0,43.0,18.0,203,505,171,0.402,72,245,0.294,132,0.772
8.3,34,978.0,333,185,33.0,39.0,34.0,120,274,62,0.438,50,135,0.37,43,0.694
14.0,32,560.0,175,129,34.0,35.0,14.0,60,119,47,0.504,21,54,0.389,34,0.723
27.9,28,647.0,313,227,38.0,25.0,72.0,107,171,143,0.626,1,5,0.2,98,0.685
17.1,32,685.0,242,146,13.0,14.0,39.0,101,174,63,0.58,0,0,0.0,40,0.635
13.3,30,671.0,308,196,21.0,11.0,37.0,118,204,96,0.578,1,3,0.333,71,0.74
10.9,33,957.0,209,232,62.0,24.0,23.0,69,208,77,0.332,26,71,0.366,45,0.584
10.4,31,1027.0,302,91,91.0,21.0,1.0,104,263,49,0.395,58,150,0.387,36,0.735
11.0,32,904.0,407,111,38.0,25.0,1.0,136,314,92,0.433,61,157,0.389,74,0.804
10.0,35,538.0,171,94,55.0,43.0,5.0,61,129,71,0.473,1,8,0.125,48,0.676
18.3,36,1064.0,601,143,165.0,53.0,7.0,214,447,212,0.479,17,69,0.246,156,0.736
14.8,25,892.0,579,143,148.0,40.0,30.0,209,439,168,0.476,52,126,0.413,109,0.649
12.8,38,672.0,174,184,26.0,11.0,34.0,60,148,55,0.405,20,63,0.317,34,0.618
20.3,35,790.0,413,217,24.0,19.0,76.0,164,271,161,0.605,0,0,0.0,85,0.528
15.7,5,139.0,81,19,13.0,4.0,2.0,29,54,16,0.537,11,23,0.478,12,0.75
18.4,33,715.0,400,211,35.0,11.0,32.0,146,262,135,0.557,16,46,0.348,92,0.681
20.1,37,1248.0,532,153,189.0,61.0,18.0,183,377,175,0.485,23,57,0.404,143,0.817
12.8,31,784.0,236,146,35.0,17.0,10.0,86,190,82,0.453,11,28,0.393,53,0.646
7.3,32,1166.0,366,69,130.0,89.0,1.0,126,279,67,0.452,58,151,0.384,56,0.836
14.6,26,868.0,300,195,103.0,52.0,16.0,108,290,94,0.372,19,81,0.235,65,0.691
15.7,38,1187.0,470,303,75.0,34.0,39.0,189,382,180,0.495,16,45,0.356,76,0.422
13.5,29,517.0,164,43,61.0,25.0,0.0,46,117,76,0.393,17,40,0.425,55,0.724
14.0,40,572.0,155,118,18.0,17.0,18.0,54,117,73,0.462,6,15,0.4,41,0.562
15.5,36,441.0,141,83,27.0,29.0,6.0,50,115,43,0.435,10,32,0.313,31,0.721
11.5,34,1017.0,509,103,77.0,21.0,2.0,184,449,81,0.41,71,204,0.348,70,0.864
13.8,32,795.0,328,242,24.0,30.0,51.0,126,234,107,0.538,0,1,0.0,76,0.71
13.7,32,705.0,326,214,18.0,44.0,16.0,126,270,110,0.467,6,31,0.194,68,0.618
11.1,30,926.0,359,137,78.0,46.0,13.0,122,288,109,0.424,30,83,0.361,85,0.78
12.6,39,935.0,405,153,38.0,20.0,22.0,146,296,53,0.493,71,159,0.447,42,0.792
11.5,36,987.0,301,89,72.0,23.0,6.0,106,276,58,0.384,54,159,0.34,35,0.603
13.0,28,130.0,73,38,2.0,6.0,4.0,28,53,24,0.528,4,14,0.286,13,0.542
19.2,35,1163.0,239,120,125.0,54.0,30.0,86,167,26,0.515,49,113,0.434,18,0.692
5.5,20,637.0,211,117,113.0,25.0,1.0,70,184,50,0.38,33,94,0.351,38,0.76
13.6,35,1074.0,485,133,59.0,34.0,5.0,159,379,119,0.42,76,207,0.367,91,0.765
15.7,31,690.0,242,97,35.0,18.0,16.0,88,213,53,0.413,30,108,0.278,36,0.679
22.3,40,649.0,226,145,8.0,20.0,27.0,97,168,63,0.577,0,0,0.0,32,0.508
12.3,34,1010.0,439,86,46.0,45.0,6.0,150,329,98,0.456,65,158,0.411,74,0.755
12.3,31,910.0,323,135,39.0,27.0,11.0,107,256,58,0.418,65,156,0.417,44,0.759
9.2,33,734.0,279,118,34.0,22.0,16.0,85,189,125,0.45,21,63,0.333,88,0.704
13.3,33,889.0,226,124,94.0,56.0,14.0,72,193,122,0.373,4,27,0.148,78,0.639
12.8,34,728.0,265,151,30.0,19.0,9.0,87,174,96,0.5,26,83,0.313,65,0.677
12.9,32,847.0,281,159,42.0,25.0,19.0,97,205,29,0.473,63,139,0.453,24,0.828
17.7,32,747.0,320,160,9.0,19.0,71.0,123,169,100,0.728,0,0,0.0,74,0.74
14.6,37,1207.0,519,166,91.0,40.0,12.0,186,403,93,0.462,60,169,0.355,87,0.935
14.7,27,679.0,211,113,50.0,33.0,7.0,81,209,36,0.388,19,80,0.238,30,0.833
12.8,35,495.0,154,85,23.0,10.0,4.0,46,120,61,0.383,15,44,0.341,47,0.77
11.0,32,1013.0,331,96,127.0,45.0,8.0,114,289,88,0.394,39,93,0.419,64,0.727
18.7,32,602.0,207,159,7.0,17.0,73.0,88,139,50,0.633,0,2,0.0,31,0.62
12.5,35,952.0,414,170,82.0,45.0,23.0,155,382,88,0.406,49,159,0.308,55,0.625
10.8,33,944.0,409,163,61.0,31.0,8.0,127,291,174,0.436,30,95,0.316,125,0.718
6.2,34,1088.0,343,135,46.0,25.0,8.0,109,284,83,0.384,60,169,0.355,65,0.783
12.2,33,971.0,307,163,88.0,32.0,23.0,111,264,28,0.42,65,175,0.371,20,0.714
18.6,12,106.0,41,23,4.0,1.0,14.0,17,25,8,0.68,2,7,0.286,5,0.625
10.8,33,657.0,303,117,36.0,19.0,13.0,104,213,98,0.488,21,55,0.382,74,0.755
14.6,31,638.0,279,68,57.0,26.0,10.0,100,231,24,0.433,63,145,0.434,16,0.667
15.8,36,1246.0,624,244,72.0,41.0,49.0,214,484,170,0.442,80,195,0.41,116,0.682
13.9,32,839.0,383,251,37.0,37.0,49.0,130,256,118,0.508,31,89,0.348,92,0.78
12.1,23,557.0,256,76,43.0,17.0,16.0,89,223,73,0.399,25,97,0.258,53,0.726
10.4,36,895.0,394,90,61.0,20.0,2.0,133,281,102,0.473,51,129,0.395,77,0.755
18.5,25,519.0,211,165,18.0,19.0,65.0,74,137,90,0.54,0,2,0.0,63,0.7
17.9,35,764.0,382,203,39.0,21.0,106.0,119,232,133,0.513,38,96,0.396,106,0.797
10.0,38,1014.0,408,139,88.0,20.0,19.0,157,329,93,0.477,28,92,0.304,66,0.71
12.2,29,684.0,256,85,45.0,36.0,6.0,71,194,125,0.366,19,78,0.244,95,0.76
11.9,34,473.0,147,55,50.0,15.0,2.0,52,110,18,0.473,29,73,0.397,14,0.778
11.9,34,1024.0,471,94,58.0,51.0,5.0,148,358,82,0.413,113,273,0.414,62,0.756
14.2,8,115.0,36,9,4.0,1.0,3.0,13,33,4,0.394,8,23,0.348,2,0.5
13.8,13,278.0,146,79,29.0,15.0,16.0,57,109,38,0.523,8,18,0.444,24,0.632
15.0,37,1137.0,498,217,60.0,28.0,6.0,172,373,155,0.461,45,118,0.381,109,0.703
8.8,27,688.0,306,95,67.0,30.0,12.0,111,247,101,0.449,13,48,0.271,71,0.703
9.2,38,1081.0,523,247,63.0,57.0,15.0,174,390,178,0.446,43,116,0.371,132,0.742
7.4,36,1094.0,423,142,113.0,40.0,8.0,144,349,129,0.413,36,118,0.305,99,0.767
15.3,31,798.0,349,176,7.0,9.0,43.0,138,254,134,0.543,0,0,0.0,73,0.545
13.3,30,646.0,345,134,24.0,27.0,40.0,129,219,133,0.589,8,39,0.205,79,0.594
12.2,35,741.0,147,122,48.0,44.0,22.0,58,142,48,0.408,7,26,0.269,24,0.5
10.6,27,450.0,97,87,10.0,14.0,30.0,38,76,22,0.5,7,24,0.292,14,0.636
15.3,36,1230.0,338,135,192.0,68.0,6.0,132,319,62,0.414,27,103,0.262,47,0.758
14.9,39,1322.0,461,137,217.0,59.0,3.0,135,324,162,0.417,47,124,0.379,144,0.889
6.5,28,344.0,82,54,9.0,5.0,2.0,29,77,12,0.377,14,43,0.326,10,0.833
10.9,34,503.0,245,158,10.0,15.0,29.0,85,173,99,0.491,10,26,0.385,65,0.657
14.2,35,271.0,63,50,10.0,4.0,13.0,23,56,14,0.411,10,35,0.286,7,0.5
3.7,36,1087.0,413,124,98.0,44.0,2.0,147,351,97,0.419,54,173,0.312,65,0.67
12.8,36,961.0,425,129,55.0,34.0,6.0,141,335,99,0.421,55,172,0.32,88,0.889
21.5,29,254.0,127,94,9.0,15.0,25.0,52,90,41,0.578,1,4,0.25,22,0.537
13.9,34,1012.0,407,193,86.0,21.0,21.0,139,321,153,0.433,32,97,0.33,97,0.634
13.0,31,943.0,417,171,40.0,27.0,7.0,148,340,79,0.435,59,153,0.386,62,0.785
11.2,35,680.0,236,111,26.0,10.0,6.0,86,187,36,0.46,40,114,0.351,24,0.667
15.6,31,534.0,254,135,33.0,12.0,41.0,96,166,101,0.578,2,12,0.167,60,0.594
9.2,37,1198.0,576,200,53.0,31.0,10.0,196,440,164,0.445,57,167,0.341,127,0.774
11.4,28,233.0,63,67,5.0,9.0,25.0,28,58,20,0.483,0,1,0.0,7,0.35
13.0,34,1211.0,441,312,92.0,71.0,9.0,163,279,119,0.584,29,66,0.439,86,0.723
14.7,30,461.0,119,68,23.0,9.0,17.0,45,131,15,0.344,21,89,0.236,8,0.533
13.9,31,252.0,103,55,19.0,1.0,5.0,36,79,36,0.456,11,34,0.324,20,0.556
10.3,35,787.0,447,192,24.0,27.0,43.0,171,334,106,0.512,26,63,0.413,79,0.745
16.3,21,105.0,45,19,2.0,0.0,5.0,19,31,13,0.613,0,0,0.0,7,0.538
8.5,32,1090.0,528,172,75.0,25.0,26.0,177,395,194,0.448,34,125,0.272,140,0.722
6.7,30,739.0,283,176,47.0,16.0,35.0,111,210,80,0.529,11,27,0.407,50,0.625
17.4,37,904.0,349,94,66.0,33.0,6.0,127,288,68,0.441,48,128,0.375,47,0.691
13.9,29,868.0,388,125,83.0,32.0,7.0,130,316,120,0.411,48,134,0.358,80,0.667
11.6,36,1042.0,432,157,62.0,30.0,12.0,142,313,110,0.454,63,168,0.375,85,0.773
13.7,32,857.0,338,95,99.0,39.0,5.0,115,249,117,0.462,23,75,0.307,85,0.726
15.2,22,466.0,131,119,13.0,4.0,47.0,52,94,46,0.553,0,1,0.0,27,0.587
14.5,33,354.0,76,36,25.0,6.0,2.0,28,89,14,0.315,13,43,0.302,7,0.5
10.8,34,1075.0,458,87,98.0,28.0,10.0,157,363,115,0.433,54,151,0.358,90,0.783
11.5,36,656.0,353,166,24.0,19.0,19.0,131,274,100,0.478,14,52,0.269,77,0.77
9.0,40,604.0,137,93,16.0,12.0,11.0,54,114,12,0.474,21,58,0.362,8,0.667
20.2,32,729.0,389,241,47.0,33.0,23.0,148,261,156,0.567,0,0,0.0,93,0.596
15.5,36,1113.0,416,331,51.0,46.0,32.0,151,321,147,0.47,22,53,0.415,92,0.626
13.7,36,828.0,313,188,38.0,19.0,16.0,117,240,102,0.488,4,29,0.138,75,0.735
13.9,34,325.0,87,63,16.0,8.0,16.0,32,68,25,0.471,8,27,0.296,15,0.6
13.3,34,577.0,177,126,30.0,21.0,7.0,73,125,59,0.584,4,13,0.308,27,0.458
10.1,29,516.0,155,55,20.0,17.0,2.0,57,160,29,0.356,22,80,0.275,19,0.655
16.8,37,1140.0,576,266,32.0,15.0,19.0,185,376,164,0.492,69,163,0.423,137,0.835
11.6,35,764.0,271,154,57.0,23.0,10.0,96,181,85,0.53,15,43,0.349,64,0.753
12.1,36,598.0,172,103,26.0,11.0,12.0,53,149,59,0.356,25,82,0.305,41,0.695
11.5,19,216.0,65,38,23.0,9.0,6.0,28,59,17,0.475,0,7,0.0,9,0.529
7.7,33,892.0,266,172,33.0,27.0,9.0,99,237,54,0.418,33,106,0.311,35,0.648
10.5,33,687.0,361,111,51.0,28.0,8.0,118,293,82,0.403,65,186,0.349,60,0.732
13.1,26,650.0,280,124,30.0,18.0,2.0,88,187,78,0.471,38,91,0.418,66,0.846
16.2,31,1069.0,433,133,99.0,27.0,12.0,150,351,120,0.427,33,113,0.292,100,0.833
15.9,31,711.0,256,69,113.0,40.0,2.0,83,202,85,0.411,21,64,0.328,69,0.812
7.6,31,688.0,296,73,56.0,35.0,15.0,102,254,91,0.402,24,79,0.304,68,0.747
14.0,29,767.0,380,76,58.0,24.0,4.0,127,324,109,0.392,39,141,0.277,87,0.798
17.4,33,1052.0,631,165,79.0,43.0,7.0,203,442,189,0.459,72,171,0.421,153,0.81
14.8,32,979.0,344,121,140.0,91.0,5.0,132,265,60,0.498,39,97,0.402,41,0.683
10.7,31,963.0,402,180,65.0,24.0,43.0,136,336,114,0.405,43,127,0.339,87,0.763
11.8,33,815.0,345,248,29.0,27.0,19.0,126,215,113,0.586,4,19,0.211,89,0.788
11.9,39,1133.0,581,280,45.0,11.0,4.0,220,419,126,0.525,47,116,0.405,94,0.746
7.2,31,1032.0,522,161,43.0,22.0,10.0,160,397,195,0.403,40,146,0.274,162,0.831
9.6,33,406.0,128,91,17.0,10.0,10.0,46,93,25,0.495,18,43,0.419,18,0.72
13.2,22,696.0,266,66,100.0,33.0,5.0,89,253,92,0.352,28,103,0.272,60,0.652
13.4,36,972.0,300,170,125.0,69.0,37.0,101,231,109,0.437,21,74,0.284,77,0.706
11.8,30,802.0,282,94,98.0,29.0,5.0,100,222,41,0.45,46,102,0.451,36,0.878
14.5,34,628.0,217,123,18.0,19.0,54.0,88,170,80,0.518,0,1,0.0,41,0.513
13.1,30,980.0,315,89,82.0,24.0,8.0,113,237,51,0.477,52,122,0.426,37,0.725
4.0,32,860.0,254,134,47.0,20.0,8.0,90,231,51,0.39,39,107,0.364,35,0.686
17.9,33,483.0,217,124,31.0,27.0,22.0,83,159,65,0.522,2,14,0.143,49,0.754
10.2,34,582.0,126,39,63.0,18.0,1.0,45,105,31,0.429,15,52,0.288,21,0.677
19.6,31,591.0,229,104,52.0,25.0,3.0,84,190,57,0.442,18,72,0.25,43,0.754
17.1,33,1120.0,540,286,79.0,26.0,95.0,197,341,193,0.578,12,40,0.3,134,0.694
14.1,31,630.0,191,164,30.0,20.0,20.0,73,154,71,0.474,8,28,0.286,37,0.521
13.7,38,1218.0,754,95,87.0,36.0,19.0,251,558,180,0.45,104,262,0.397,148,0.822
10.4,32,1082.0,539,184,51.0,33.0,21.0,165,386,186,0.427,58,162,0.358,151,0.812
15.1,37,897.0,376,95,68.0,35.0,4.0,135,284,78,0.475,47,114,0.412,59,0.756
9.3,25,600.0,186,106,47.0,22.0,6.0,64,154,67,0.416,4,19,0.211,54,0.806
20.3,32,1088.0,405,208,201.0,30.0,13.0,133,290,139,0.459,27,88,0.307,112,0.806
15.1,36,1013.0,243,92,134.0,46.0,7.0,77,179,72,0.43,28,69,0.406,61,0.847
14.5,32,660.0,269,82,22.0,15.0,16.0,84,190,51,0.442,64,152,0.421,37,0.725
17.4,34,1139.0,548,203,151.0,62.0,10.0,202,486,166,0.416,34,118,0.288,110,0.663
16.4,36,1267.0,720,186,79.0,35.0,11.0,244,538,152,0.454,113,277,0.408,119,0.783
12.3,31,558.0,224,158,17.0,26.0,39.0,84,166,53,0.506,16,54,0.296,40,0.755
14.0,30,745.0,296,148,23.0,9.0,65.0,116,251,72,0.462,6,20,0.3,58,0.806
10.4,26,291.0,72,31,17.0,8.0,1.0,26,85,6,0.306,15,52,0.288,5,0.833
16.4,33,590.0,136,131,13.0,25.0,19.0,49,106,43,0.462,3,9,0.333,35,0.814
10.0,36,1184.0,289,103,194.0,44.0,2.0,106,256,55,0.414,35,101,0.347,42,0.764
9.6,32,928.0,353,177,45.0,23.0,18.0,114,291,80,0.392,59,175,0.337,66,0.825
11.0,35,878.0,422,160,64.0,23.0,8.0,157,305,100,0.515,38,97,0.392,70,0.7
12.6,32,981.0,515,276,27.0,23.0,28.0,179,314,200,0.57,5,17,0.294,152,0.76
16.5,24,765.0,251,227,38.0,50.0,106.0,98,166,104,0.59,0,0,0.0,55,0.529
14.2,34,1106.0,545,135,92.0,36.0,9.0,203,450,125,0.451,39,111,0.351,100,0.8
13.0,35,682.0,218,58,39.0,21.0,5.0,83,182,26,0.456,31,80,0.388,21,0.808
11.6,28,336.0,159,62,11.0,17.0,3.0,52,112,39,0.464,25,57,0.439,30,0.769
9.7,31,836.0,308,181,66.0,43.0,13.0,98,192,96,0.51,29,75,0.387,83,0.865
11.5,34,734.0,255,197,38.0,23.0,25.0,92,201,55,0.458,34,87,0.391,37,0.673
10.6,37,1141.0,596,201,61.0,48.0,27.0,194,428,241,0.453,28,73,0.384,180,0.747
19.1,28,858.0,454,242,30.0,34.0,76.0,175,284,143,0.616,1,4,0.25,103,0.72
9.5,28,881.0,360,124,57.0,26.0,25.0,125,243,134,0.514,20,70,0.286,90,0.672
7.0,23,655.0,231,86,41.0,23.0,13.0,75,191,109,0.393,7,31,0.226,74,0.679
16.0,32,576.0,236,119,28.0,34.0,7.0,88,161,85,0.547,8,26,0.308,52,0.612
15.6,34,419.0,130,93,26.0,18.0,5.0,49,98,47,0.5,4,18,0.222,28,0.596
11.1,33,395.0,78,73,34.0,15.0,9.0,29,83,32,0.349,0,11,0.0,20,0.625
13.2,36,756.0,333,179,28.0,41.0,13.0,110,248,110,0.444,34,95,0.358,79,0.718
13.4,34,1111.0,572,123,185.0,57.0,20.0,190,470,155,0.404,72,211,0.341,120,0.774
15.0,31,1125.0,416,231,98.0,95.0,37.0,162,334,98,0.485,27,92,0.293,65,0.663
7.7,24,300.0,68,72,37.0,14.0,5.0,25,68,18,0.368,7,26,0.269,11,0.611
9.6,32,952.0,384,88,114.0,35.0,4.0,108,275,189,0.393,34,94,0.362,134,0.709
17.8,34,480.0,125,105,30.0,18.0,30.0,49,106,46,0.462,2,8,0.25,25,0.543
18.9,34,792.0,311,230,23.0,12.0,63.0,128,188,124,0.681,0,1,0.0,55,0.444
13.8,38,476.0,233,53,22.0,20.0,6.0,75,175,52,0.429,40,108,0.37,43,0.827
13.8,21,464.0,200,84,30.0,17.0,11.0,74,157,46,0.471,28,68,0.412,24,0.522
15.6,33,980.0,321,225,51.0,37.0,27.0,125,238,84,0.525,12,53,0.226,59,0.702
17.1,34,918.0,418,230,50.0,35.0,54.0,161,316,118,0.509,9,33,0.273,87,0.737
16.8,30,422.0,124,92,8.0,8.0,11.0,43,99,35,0.434,17,51,0.333,21,0.6
17.6,31,756.0,252,160,30.0,24.0,28.0,88,187,101,0.471,7,25,0.28,69,0.683
14.9,33,586.0,151,74,39.0,16.0,9.0,58,154,15,0.377,26,75,0.347,9,0.6
10.3,30,886.0,180,107,103.0,25.0,3.0,72,166,34,0.434,10,48,0.208,26,0.765
7.1,30,674.0,244,101,25.0,17.0,9.0,84,195,44,0.431,43,113,0.381,33,0.75
11.3,24,154.0,88,52,3.0,9.0,2.0,35,60,22,0.583,2,6,0.333,16,0.727
12.8,39,1105.0,288,131,141.0,45.0,3.0,96,244,63,0.393,50,143,0.35,46,0.73
12.3,25,381.0,194,72,42.0,25.0,19.0,75,158,26,0.475,28,80,0.35,16,0.615
13.6,35,947.0,414,311,57.0,23.0,84.0,167,272,138,0.614,2,5,0.4,78,0.565
15.6,37,683.0,193,65,44.0,16.0,1.0,55,148,64,0.372,30,87,0.345,53,0.828
8.6,26,766.0,278,99,57.0,20.0,3.0,78,194,107,0.402,36,115,0.313,86,0.804
18.1,40,1233.0,599,416,57.0,20.0,31.0,196,391,289,0.501,3,18,0.167,204,0.706
13.5,33,390.0,134,59,37.0,12.0,10.0,39,87,37,0.448,28,55,0.509,28,0.757
10.3,36,1069.0,485,133,70.0,56.0,21.0,154,432,114,0.356,89,267,0.333,88,0.772
9.1,33,683.0,217,55,38.0,16.0,4.0,71,207,52,0.343,40,112,0.357,35,0.673
20.0,28,276.0,100,86,10.0,15.0,13.0,43,83,19,0.518,3,14,0.214,11,0.579
17.7,34,926.0,463,245,29.0,25.0,23.0,171,365,128,0.468,28,84,0.333,93,0.727
6.5,34,436.0,114,89,12.0,18.0,9.0,39,114,37,0.342,15,61,0.246,21,0.568
17.3,37,543.0,189,163,9.0,3.0,33.0,69,112,71,0.616,0,0,0.0,51,0.718
12.5,34,543.0,97,47,24.0,18.0,19.0,36,102,25,0.353,9,38,0.237,16,0.64
11.1,36,1040.0,402,126,65.0,23.0,8.0,134,293,44,0.457,95,211,0.45,39,0.886
13.4,30,818.0,365,198,47.0,25.0,29.0,127,258,139,0.492,13,52,0.25,98,0.705
12.2,31,1013.0,326,290,60.0,35.0,17.0,113,249,97,0.454,21,64,0.328,79,0.814
13.5,30,457.0,94,88,22.0,16.0,25.0,37,94,21,0.394,4,20,0.2,16,0.762
8.8,32,820.0,365,178,57.0,20.0,24.0,131,282,119,0.465,15,77,0.195,88,0.739
-1.4,30,907.0,410,156,76.0,33.0,4.0,146,339,98,0.431,41,127,0.323,77,0.786
18.1,40,1168.0,597,181,189.0,48.0,15.0,208,436,205,0.477,35,104,0.337,146,0.712
14.9,37,699.0,259,114,67.0,38.0,2.0,93,232,52,0.401,36,97,0.371,37,0.712
16.5,35,1188.0,675,198,175.0,55.0,11.0,231,515,156,0.449,95,231,0.411,118,0.756
8.0,36,521.0,185,60,18.0,9.0,3.0,60,144,24,0.417,46,123,0.374,19,0.792
19.6,38,822.0,369,268,33.0,17.0,12.0,145,217,119,0.668,0,0,0.0,79,0.664
13.5,30,453.0,97,89,11.0,10.0,21.0,32,92,45,0.348,6,24,0.25,27,0.6
3.0,33,455.0,106,68,19.0,12.0,3.0,33,100,19,0.33,27,78,0.346,13,0.684
8.0,32,598.0,244,129,29.0,12.0,10.0,92,207,39,0.444,25,83,0.301,35,0.897
4.6,24,408.0,124,83,19.0,16.0,7.0,50,103,33,0.485,5,20,0.25,19,0.576
15.2,33,987.0,632,124,119.0,28.0,3.0,196,438,252,0.447,44,131,0.336,196,0.778
19.0,29,556.0,275,219,42.0,23.0,26.0,112,216,101,0.519,0,2,0.0,51,0.505
18.1,34,1048.0,436,262,45.0,28.0,61.0,166,290,137,0.572,0,2,0.0,104,0.759
15.2,32,425.0,173,143,6.0,14.0,28.0,53,110,110,0.482,0,0,0.0,67,0.609
19.1,33,1151.0,632,388,158.0,65.0,27.0,216,386,297,0.56,1,3,0.333,199,0.67
7.7,37,871.0,323,60,73.0,24.0,3.0,111,281,89,0.395,32,98,0.327,69,0.775
12.9,34,628.0,171,133,7.0,11.0,18.0,71,117,68,0.607,0,1,0.0,29,0.426
12.4,33,1106.0,507,192,139.0,99.0,22.0,151,374,215,0.404,38,131,0.29,167,0.777
12.1,32,1114.0,580,146,197.0,62.0,14.0,191,420,200,0.455,55,153,0.359,143,0.715
11.4,28,630.0,149,74,81.0,23.0,12.0,53,119,33,0.445,16,49,0.327,27,0.818
11.2,34,978.0,576,252,68.0,37.0,35.0,183,427,164,0.429,79,188,0.42,131,0.799
16.4,33,880.0,386,225,29.0,14.0,40.0,145,295,117,0.492,19,71,0.268,77,0.658
5.4,35,639.0,247,90,22.0,33.0,7.0,78,182,73,0.429,38,112,0.339,53,0.726
11.4,30,754.0,277,191,53.0,38.0,21.0,100,211,90,0.474,24,81,0.296,53,0.589
17.8,25,648.0,313,88,73.0,30.0,11.0,106,227,100,0.467,20,46,0.435,81,0.81
10.4,33,918.0,419,183,55.0,27.0,21.0,148,345,146,0.429,11,32,0.344,112,0.767
14.5,32,1031.0,543,281,27.0,17.0,66.0,192,337,199,0.57,5,20,0.25,154,0.774
11.6,31,1104.0,521,175,85.0,40.0,16.0,171,419,122,0.408,81,243,0.333,98,0.803
10.5,30,868.0,431,160,136.0,57.0,10.0,155,308,114,0.503,35,104,0.337,86,0.754
7.4,21,201.0,73,26,12.0,3.0,1.0,24,64,19,0.375,13,46,0.283,12,0.632
13.8,35,771.0,308,175,12.0,31.0,21.0,126,214,102,0.589,3,19,0.158,53,0.52
19.7,29,966.0,488,213,62.0,39.0,33.0,165,365,139,0.452,40,117,0.342,118,0.849
16.8,34,1070.0,530,291,25.0,20.0,34.0,196,362,137,0.541,38,88,0.432,100,0.73
14.1,26,539.0,119,83,38.0,19.0,10.0,39,94,44,0.415,14,43,0.326,27,0.614
13.1,29,986.0,668,98,42.0,25.0,6.0,203,500,220,0.406,68,209,0.325,194,0.882
7.6,27,622.0,253,136,23.0,22.0,37.0,84,191,85,0.44,22,74,0.297,63,0.741
10.5,34,819.0,211,109,55.0,39.0,32.0,71,179,49,0.397,34,93,0.366,35,0.714
15.8,35,305.0,99,92,10.0,9.0,23.0,39,60,32,0.65,0,0,0.0,21,0.656
15.4,33,873.0,475,186,61.0,21.0,28.0,201,302,87,0.666,11,21,0.524,62,0.713
10.6,24,109.0,16,20,4.0,4.0,1.0,5,13,9,0.385,0,0,0.0,6,0.667
24.4,39,822.0,401,261,44.0,18.0,88.0,145,256,134,0.566,2,8,0.25,109,0.813
13.7,37,1253.0,536,157,52.0,43.0,5.0,177,427,97,0.415,97,241,0.402,85,0.876
17.2,34,755.0,345,222,20.0,10.0,89.0,117,257,112,0.455,17,62,0.274,94,0.839
15.3,14,238.0,82,110,14.0,6.0,11.0,29,68,38,0.426,0,1,0.0,24,0.632
16.2,39,630.0,167,72,89.0,35.0,2.0,59,153,40,0.386,20,49,0.408,29,0.725
13.2,33,353.0,149,51,21.0,18.0,10.0,52,119,28,0.437,26,62,0.419,19,0.679
9.2,28,733.0,284,60,60.0,24.0,4.0,97,229,50,0.424,57,137,0.416,33,0.66
11.8,30,794.0,338,269,18.0,26.0,41.0,113,216,134,0.523,16,33,0.485,96,0.716
10.2,33,871.0,328,168,37.0,20.0,17.0,111,256,122,0.434,26,89,0.292,80,0.656
15.3,27,831.0,312,151,27.0,34.0,16.0,113,250,54,0.452,41,132,0.311,45,0.833
15.4,30,258.0,86,48,4.0,6.0,6.0,37,61,18,0.607,2,12,0.167,10,0.556
9.3,32,291.0,61,47,34.0,9.0,1.0,21,48,32,0.438,3,10,0.3,16,0.5
9.6,26,369.0,198,113,13.0,12.0,12.0,70,133,45,0.526,23,44,0.523,35,0.778
11.2,32,888.0,368,83,61.0,30.0,15.0,132,318,65,0.415,56,162,0.346,48,0.738
16.4,35,944.0,425,146,28.0,42.0,15.0,186,299,72,0.622,14,27,0.519,39,0.542
10.0,35,600.0,245,87,37.0,10.0,0.0,91,246,34,0.37,41,134,0.306,22,0.647
13.1,37,1012.0,401,211,57.0,28.0,31.0,135,260,208,0.519,5,21,0.238,126,0.606
7.5,31,905.0,388,107,120.0,40.0,6.0,152,337,64,0.451,36,103,0.35,48,0.75
11.3,35,787.0,260,124,22.0,15.0,21.0,86,224,59,0.384,39,112,0.348,49,0.831
12.4,23,367.0,131,42,19.0,14.0,1.0,46,93,28,0.495,19,43,0.442,20,0.714
14.5,31,979.0,421,224,53.0,27.0,22.0,157,321,132,0.489,18,67,0.269,89,0.674
12.8,32,405.0,105,92,26.0,19.0,19.0,38,118,32,0.322,7,31,0.226,22,0.688
3.5,35,1027.0,504,129,84.0,44.0,2.0,178,441,143,0.404,54,178,0.303,94,0.657
12.2,35,999.0,562,124,143.0,38.0,11.0,188,444,130,0.423,82,232,0.353,104,0.8
15.3,34,1116.0,615,139,148.0,42.0,49.0,205,404,182,0.507,57,144,0.396,148,0.813
5.6,35,971.0,388,172,39.0,31.0,16.0,125,256,103,0.488,59,139,0.424,79,0.767
11.3,34,798.0,282,113,27.0,26.0,6.0,97,252,30,0.385,62,150,0.413,26,0.867
14.8,35,1148.0,597,205,54.0,41.0,34.0,189,422,227,0.448,43,126,0.341,176,0.775
10.7,31,1022.0,518,116,88.0,28.0,13.0,171,413,162,0.414,69,172,0.401,107,0.66
14.5,26,285.0,86,26,8.0,13.0,4.0,32,87,17,0.368,10,41,0.244,12,0.706
9.7,32,814.0,402,189,36.0,26.0,61.0,132,262,189,0.504,12,32,0.375,126,0.667
15.6,33,841.0,254,94,62.0,44.0,17.0,89,204,59,0.436,31,88,0.352,45,0.763
11.2,26,414.0,96,121,21.0,12.0,18.0,33,69,31,0.478,7,23,0.304,23,0.742
12.2,33,917.0,283,221,46.0,30.0,32.0,102,214,112,0.477,11,31,0.355,68,0.607
19.8,23,350.0,164,103,17.0,13.0,32.0,71,107,41,0.664,0,0,0.0,22,0.537
11.1,29,653.0,268,116,29.0,29.0,30.0,95,207,74,0.459,16,50,0.32,62,0.838
22.3,31,801.0,369,253,44.0,21.0,77.0,154,276,100,0.558,2,18,0.111,59,0.59
3.9,33,512.0,161,109,34.0,34.0,13.0,50,109,80,0.459,6,25,0.24,55,0.688
9.0,20,558.0,214,91,44.0,17.0,11.0,76,203,49,0.374,23,79,0.291,39,0.796
26.0,33,990.0,746,293,68.0,70.0,59.0,296,435,203,0.68,24,71,0.338,130,0.64
9.9,32,590.0,139,145,29.0,20.0,19.0,49,99,45,0.495,11,46,0.239,30,0.667
10.3,39,1135.0,492,252,82.0,52.0,34.0,173,356,156,0.486,46,110,0.418,100,0.641
20.4,30,390.0,135,97,10.0,10.0,29.0,48,117,35,0.41,11,50,0.22,28,0.8
15.6,33,1202.0,513,224,174.0,82.0,43.0,174,310,193,0.561,12,54,0.222,153,0.793
12.3,32,1042.0,454,149,175.0,31.0,14.0,166,368,122,0.451,28,92,0.304,94,0.77
22.2,32,1133.0,876,125,279.0,54.0,8.0,261,618,274,0.422,118,328,0.36,236,0.861
17.3,22,416.0,130,96,26.0,4.0,16.0,53,116,32,0.457,1,3,0.333,23,0.719
16.2,36,1025.0,563,236,45.0,49.0,42.0,200,321,216,0.623,0,0,0.0,163,0.755
